qb_id,qb_name,rookie_class,career_year,season,drives,plays,epa,pass_attempts,interceptions,turnovers,td_drives,scoring_drives,team,starts,wins,losses,ties,win_pct,epa_per_play,league_epa_per_play,epa_vs_league,original_team,with_original_team,starting_season
00-0019559,Chad Pennington,2000,1,2000,2,7,5.947,6,0,0,1,1,NYJ,0,0,0,0,,0.8496,-0.0113,0.8608,NYJ,True,False
00-0019559,Chad Pennington,2000,2,2001,5,22,-2.747,21,0,0,1,1,NYJ,0,0,0,0,,-0.1249,-0.0261,-0.0988,NYJ,True,False
00-0019559,Chad Pennington,2000,3,2002,129,442,106.4,421,6,7,32,52,NYJ,12,8,4,0,0.6667,0.2407,-0.0028,0.2435,NYJ,True,True
00-0019559,Chad Pennington,2000,4,2003,97,336,16.741,319,12,14,19,32,NYJ,9,4,5,0,0.4444,0.0498,-0.0274,0.0772,NYJ,True,True
00-0019559,Chad Pennington,2000,5,2004,123,414,28.857,388,9,11,26,45,NYJ,13,8,5,0,0.6154,0.0697,0.0137,0.056,NYJ,True,True
00-0019559,Chad Pennington,2000,6,2005,29,97,-10.876,92,3,5,3,6,NYJ,3,1,2,0,0.3333,-0.1121,-0.0023,-0.1098,NYJ,True,False
00-0019559,Chad Pennington,2000,7,2006,159,534,28.316,508,16,20,32,56,NYJ,16,10,6,0,0.625,0.053,-0.0207,0.0738,NYJ,True,True
00-0019559,Chad Pennington,2000,8,2007,80,300,-4.06,284,9,10,12,21,NYJ,9,1,8,0,0.1111,-0.0135,-0.002,-0.0116,NYJ,True,True
00-0019559,Chad Pennington,2000,9,2008,151,513,93.905,498,7,8,36,55,MIA,16,11,5,0,0.6875,0.1831,0.0152,0.1678,NYJ,False,True
00-0019559,Chad Pennington,2000,10,2009,22,81,-17.508,78,2,4,3,7,MIA,3,0,3,0,0.0,-0.2161,0.009,-0.2252,NYJ,False,False
00-0019559,Chad Pennington,2000,11,2010,1,2,0.921,2,0,0,1,1,MIA,1,1,0,0,1.0,0.4605,0.0199,0.4406,NYJ,False,False
00-0019623,Tim Rattay,2000,1,2000,2,3,-5.383,1,0,0,0,0,SF,0,0,0,0,,-1.7943,-0.0113,-1.7831,SF,True,False
00-0019623,Tim Rattay,2000,2,2001,3,6,-2.278,2,0,0,1,1,SF,0,0,0,0,,-0.3797,-0.0261,-0.3536,SF,True,False
00-0019623,Tim Rattay,2000,3,2002,18,50,-10.389,48,0,0,2,4,SF,1,0,1,0,0.0,-0.2078,-0.0028,-0.205,SF,True,False
00-0019623,Tim Rattay,2000,4,2003,40,126,20.695,125,2,2,9,14,SF,3,2,1,0,0.6667,0.1642,-0.0274,0.1917,SF,True,False
00-0019623,Tim Rattay,2000,5,2004,98,372,-29.616,361,10,16,14,25,SF,9,1,8,0,0.1111,-0.0796,0.0137,-0.0933,SF,True,True
00-0019623,Tim Rattay,2000,6,2005,38,110,-19.506,106,6,8,6,8,SF,4,1,3,0,0.25,-0.1773,-0.0023,-0.175,SF,True,False
00-0019623,Tim Rattay,2000,7,2006,31,108,-4.218,105,2,3,6,8,TB,2,1,1,0,0.5,-0.0391,-0.0207,-0.0183,SF,False,False
00-0019623,Tim Rattay,2000,8,2007,15,29,-4.829,27,3,3,4,5,ARI,0,0,0,0,,-0.1665,-0.002,-0.1646,SF,False,False
00-0019596,Tom Brady,2000,1,2000,1,3,-1.342,3,0,0,0,0,NE,0,0,0,0,,-0.4473,-0.0113,-0.4361,NE,True,False
00-0019596,Tom Brady,2000,2,2001,156,489,-4.999,454,12,15,31,53,NE,14,11,3,0,0.7857,-0.0102,-0.0261,0.0159,NE,True,True
00-0019596,Tom Brady,2000,3,2002,169,665,3.665,632,14,19,36,63,NE,16,9,7,0,0.5625,0.0055,-0.0028,0.0083,NE,True,True
00-0019596,Tom Brady,2000,4,2003,179,584,21.622,559,12,17,31,55,NE,16,14,2,0,0.875,0.037,-0.0274,0.0644,NE,True,True
00-0019596,Tom Brady,2000,5,2004,154,516,105.514,498,14,19,44,75,NE,16,14,2,0,0.875,0.2045,0.0137,0.1908,NE,True,True
00-0019596,Tom Brady,2000,6,2005,162,577,119.121,555,14,17,42,60,NE,15,10,5,0,0.6667,0.2064,-0.0023,0.2088,NE,True,True
00-0019596,Tom Brady,2000,7,2006,165,568,55.495,542,12,16,43,63,NE,16,12,4,0,0.75,0.0977,-0.0207,0.1184,NE,True,True
00-0019596,Tom Brady,2000,8,2007,146,623,264.026,599,8,12,65,86,NE,16,16,0,0,1.0,0.4238,-0.002,0.4258,NE,True,True
00-0019596,Tom Brady,2000,9,2008,2,11,-8.524,11,0,0,0,0,NE,1,1,0,0,1.0,-0.7749,0.0152,-0.7901,NE,True,False
00-0019596,Tom Brady,2000,10,2009,161,599,137.871,581,13,15,46,70,NE,16,10,6,0,0.625,0.2302,0.009,0.2211,NE,True,True
00-0019596,Tom Brady,2000,11,2010,148,535,147.479,517,4,5,53,74,NE,16,14,2,0,0.875,0.2757,0.0199,0.2558,NE,True,True
00-0019596,Tom Brady,2000,12,2011,166,676,207.038,642,12,14,57,84,NE,16,13,3,0,0.8125,0.3063,0.0242,0.282,NE,True,True
00-0019596,Tom Brady,2000,13,2012,170,678,189.701,661,8,8,57,85,NE,16,12,4,0,0.75,0.2798,0.0372,0.2426,NE,True,True
00-0019596,Tom Brady,2000,14,2013,183,679,60.783,664,11,14,41,78,NE,16,12,4,0,0.75,0.0895,0.0354,0.0542,NE,True,True
00-0019596,Tom Brady,2000,15,2014,161,626,106.205,603,9,12,45,78,NE,15,12,3,0,0.8,0.1697,0.0272,0.1425,NE,True,True
00-0019596,Tom Brady,2000,16,2015,168,680,126.187,660,7,9,48,79,NE,16,12,4,0,0.75,0.1856,0.0405,0.1451,NE,True,True
00-0019596,Tom Brady,2000,17,2016,121,465,140.849,446,2,2,41,62,NE,12,11,1,0,0.9167,0.3029,0.0511,0.2518,NE,True,True
00-0019596,Tom Brady,2000,18,2017,159,630,129.978,616,8,11,48,85,NE,16,13,3,0,0.8125,0.2063,0.0029,0.2034,NE,True,True
00-0019596,Tom Brady,2000,19,2018,157,602,91.646,589,11,13,43,69,NE,16,11,5,0,0.6875,0.1522,0.0506,0.1017,NE,True,True
00-0019596,Tom Brady,2000,20,2019,170,651,21.928,640,8,9,41,68,NE,16,12,4,0,0.75,0.0337,0.0352,-0.0015,NE,True,True
00-0019596,Tom Brady,2000,21,2020,158,640,119.048,627,12,13,53,81,TB,16,11,5,0,0.6875,0.186,0.0747,0.1113,NE,False,True
00-0019596,Tom Brady,2000,22,2021,176,757,146.453,739,12,15,59,84,TB,17,13,4,0,0.7647,0.1935,0.0381,0.1554,NE,False,True
00-0019596,Tom Brady,2000,23,2022,174,764,32.71,752,9,13,30,61,TB,16,8,8,0,0.5,0.0428,0.0156,0.0272,NE,False,True
00-0020434,Chris Weinke,2001,1,2001,170,601,-110.273,566,19,22,19,40,CAR,15,1,14,0,0.0667,-0.1835,-0.0261,-0.1574,CAR,True,True
00-0020434,Chris Weinke,2001,2,2002,18,48,-24.575,44,3,3,0,2,CAR,1,0,1,0,0.0,-0.512,-0.0028,-0.5092,CAR,True,False
00-0020434,Chris Weinke,2001,5,2005,5,15,2.764,13,0,0,1,2,CAR,0,0,0,0,,0.1843,-0.0023,0.1866,CAR,True,False
00-0020434,Chris Weinke,2001,6,2006,30,109,-27.576,106,4,4,2,6,CAR,3,1,2,0,0.3333,-0.253,-0.0207,-0.2323,CAR,True,False
00-0020434,Chris Weinke,2001,7,2007,10,27,-9.963,27,0,0,1,1,SF,1,0,1,0,0.0,-0.369,-0.002,-0.367,CAR,False,False
00-0020531,Drew Brees,2001,1,2001,7,31,9.929,29,0,0,2,4,LAC,0,0,0,0,,0.3203,-0.0261,0.3464,LAC,True,False
00-0020531,Drew Brees,2001,2,2002,167,583,-4.376,550,16,16,32,49,LAC,16,8,8,0,0.5,-0.0075,-0.0028,-0.0047,LAC,True,True
00-0020531,Drew Brees,2001,3,2003,125,392,-69.34,373,15,18,20,32,LAC,11,2,9,0,0.1818,-0.1769,-0.0274,-0.1495,LAC,True,True
00-0020531,Drew Brees,2001,4,2004,146,454,124.732,416,7,8,47,65,LAC,15,11,4,0,0.7333,0.2747,0.0137,0.261,LAC,True,True
00-0020531,Drew Brees,2001,5,2005,159,542,61.344,524,15,20,46,66,LAC,15,9,6,0,0.6,0.1132,-0.0023,0.1155,LAC,True,True
00-0020531,Drew Brees,2001,6,2006,164,587,107.53,571,11,14,44,66,NO,15,10,5,0,0.6667,0.1832,-0.0207,0.2039,LAC,False,True
00-0020531,Drew Brees,2001,7,2007,166,683,48.069,668,18,22,41,55,NO,16,7,9,0,0.4375,0.0704,-0.002,0.0723,LAC,False,True
00-0020531,Drew Brees,2001,8,2008,167,654,147.437,642,17,18,52,73,NO,16,8,8,0,0.5,0.2254,0.0152,0.2102,LAC,False,True
00-0020531,Drew Brees,2001,9,2009,153,543,156.976,533,11,17,54,75,NO,15,13,2,0,0.8667,0.2891,0.009,0.2801,LAC,False,True
00-0020531,Drew Brees,2001,10,2010,166,685,77.928,681,22,24,42,67,NO,16,11,5,0,0.6875,0.1138,0.0199,0.0939,LAC,False,True
00-0020531,Drew Brees,2001,11,2011,162,697,210.814,680,14,15,60,88,NO,16,13,3,0,0.8125,0.3025,0.0242,0.2782,LAC,False,True
00-0020531,Drew Brees,2001,12,2012,177,697,99.238,693,19,20,51,69,NO,16,7,9,0,0.4375,0.1424,0.0372,0.1052,LAC,False,True
00-0020531,Drew Brees,2001,13,2013,162,702,154.061,686,12,14,48,72,NO,16,11,5,0,0.6875,0.2195,0.0354,0.1841,LAC,False,True
00-0020531,Drew Brees,2001,14,2014,160,700,78.525,682,17,20,45,64,NO,16,7,9,0,0.4375,0.1122,0.0272,0.085,LAC,False,True
00-0020531,Drew Brees,2001,15,2015,159,664,93.81,656,11,13,46,62,NO,15,7,8,0,0.4667,0.1413,0.0405,0.1008,LAC,False,True
00-0020531,Drew Brees,2001,16,2016,173,704,108.974,693,15,19,52,80,NO,16,7,9,0,0.4375,0.1548,0.0511,0.1037,LAC,False,True
00-0020531,Drew Brees,2001,17,2017,156,569,87.666,553,8,8,41,70,NO,16,11,5,0,0.6875,0.1541,0.0029,0.1511,LAC,False,True
00-0020531,Drew Brees,2001,18,2018,139,519,157.346,506,5,6,57,84,NO,15,13,2,0,0.8667,0.3032,0.0506,0.2526,LAC,False,True
00-0020531,Drew Brees,2001,19,2019,99,387,98.07,385,4,4,35,55,NO,11,8,3,0,0.7273,0.2534,0.0352,0.2183,LAC,False,True
00-0020531,Drew Brees,2001,20,2020,115,407,65.813,401,6,8,42,62,NO,12,9,3,0,0.75,0.1617,0.0747,0.087,LAC,False,True
00-0019599,Marc Bulger,2001,2,2002,71,237,24.719,226,6,8,19,27,LA,7,6,1,0,0.8571,0.1043,-0.0028,0.1071,LA,True,False
00-0019599,Marc Bulger,2001,3,2003,165,586,36.518,568,22,28,37,72,LA,15,12,3,0,0.8,0.0623,-0.0274,0.0897,LA,True,True
00-0019599,Marc Bulger,2001,4,2004,138,540,53.043,523,14,18,30,47,LA,14,8,6,0,0.5714,0.0982,0.0137,0.0845,LA,True,True
00-0019599,Marc Bulger,2001,5,2005,78,321,36.102,313,9,11,18,30,LA,8,2,6,0,0.25,0.1125,-0.0023,0.1148,LA,True,True
00-0019599,Marc Bulger,2001,6,2006,169,639,40.234,629,8,11,35,67,LA,16,8,8,0,0.5,0.063,-0.0207,0.0837,LA,True,True
00-0019599,Marc Bulger,2001,7,2007,115,417,-54.545,413,15,18,15,32,LA,12,2,10,0,0.1667,-0.1308,-0.002,-0.1288,LA,True,True
00-0019599,Marc Bulger,2001,8,2008,152,487,-92.457,479,13,17,16,45,LA,15,2,13,0,0.1333,-0.1899,0.0152,-0.2051,LA,True,True
00-0019599,Marc Bulger,2001,9,2009,73,266,-47.835,260,6,7,9,17,LA,8,1,7,0,0.125,-0.1798,0.009,-0.1889,LA,True,True
00-0020245,Mike Vick,2001,1,2001,46,165,-23.661,134,3,8,3,10,ATL,2,1,1,0,0.5,-0.1434,-0.0261,-0.1173,ATL,True,False
00-0020245,Mike Vick,2001,2,2002,161,559,43.502,454,8,14,38,66,ATL,15,8,6,1,0.5667,0.0778,-0.0028,0.0806,ATL,True,True
00-0020245,Mike Vick,2001,3,2003,40,142,5.384,109,3,4,8,13,ATL,4,3,1,0,0.75,0.0379,-0.0274,0.0653,ATL,True,False
00-0020245,Mike Vick,2001,4,2004,149,472,-18.909,365,12,19,32,46,ATL,14,11,3,0,0.7857,-0.0401,0.0137,-0.0538,ATL,True,True
00-0020245,Mike Vick,2001,5,2005,153,507,4.957,421,13,18,30,48,ATL,15,8,7,0,0.5333,0.0098,-0.0023,0.0121,ATL,True,True
00-0020245,Mike Vick,2001,6,2006,162,553,-18.401,434,13,16,27,49,ATL,15,7,8,0,0.4667,-0.0333,-0.0207,-0.0126,ATL,True,True
00-0020245,Mike Vick,2001,9,2009,25,34,8.009,13,0,0,9,17,PHI,0,0,0,0,,0.2356,0.009,0.2265,ATL,False,False
00-0020245,Mike Vick,2001,10,2010,126,494,96.127,404,6,9,37,58,PHI,11,8,3,0,0.7273,0.1946,0.0199,0.1747,ATL,False,True
00-0020245,Mike Vick,2001,11,2011,137,510,58.754,441,14,18,34,55,PHI,13,7,6,0,0.5385,0.1152,0.0242,0.091,ATL,False,True
00-0020245,Mike Vick,2001,12,2012,98,433,-15.263,377,10,15,15,29,PHI,10,3,7,0,0.3,-0.0352,0.0372,-0.0724,ATL,False,True
00-0020245,Mike Vick,2001,13,2013,57,187,7.324,156,3,5,11,22,PHI,6,2,4,0,0.3333,0.0392,0.0354,0.0038,ATL,False,False
00-0020245,Mike Vick,2001,14,2014,47,161,-49.117,138,2,4,7,12,NYJ,3,1,2,0,0.3333,-0.3051,0.0272,-0.3323,ATL,False,False
00-0020245,Mike Vick,2001,15,2015,36,89,-28.857,75,1,1,4,10,PIT,3,2,1,0,0.6667,-0.3242,0.0405,-0.3647,ATL,False,False
00-0020404,Quincy Carter,2001,1,2001,81,231,-25.991,186,7,9,9,20,DAL,8,3,5,0,0.375,-0.1125,-0.0261,-0.0864,DAL,True,True
00-0020404,Quincy Carter,2001,2,2002,84,267,-26.29,240,8,11,9,15,DAL,7,3,4,0,0.4286,-0.0985,-0.0028,-0.0957,DAL,True,False
00-0020404,Quincy Carter,2001,3,2003,189,603,-53.913,541,21,24,26,49,DAL,16,10,6,0,0.625,-0.0894,-0.0274,-0.062,DAL,True,True
00-0020404,Quincy Carter,2001,4,2004,33,78,2.279,70,1,1,4,8,NYJ,3,2,1,0,0.6667,0.0292,0.0137,0.0155,DAL,False,False
00-0020562,Chad Hutchinson,2002,1,2002,111,300,-106.232,283,8,16,12,18,DAL,9,2,7,0,0.2222,-0.3541,-0.0028,-0.3513,DAL,True,True
00-0020562,Chad Hutchinson,2002,2,2003,2,2,-1.512,2,0,0,0,0,DAL,0,0,0,0,,-0.756,-0.0274,-0.7286,DAL,True,False
00-0020562,Chad Hutchinson,2002,3,2004,55,190,-55.859,184,3,7,6,9,CHI,5,1,4,0,0.2,-0.294,0.0137,-0.3077,DAL,False,False
00-0020608,David Carr,2002,1,2002,189,578,-143.517,520,15,22,16,30,HOU,16,4,12,0,0.25,-0.2483,-0.0028,-0.2455,HOU,True,True
00-0020608,David Carr,2002,2,2003,114,331,-18.414,308,13,13,19,31,HOU,11,3,8,0,0.2727,-0.0556,-0.0274,-0.0282,HOU,True,True
00-0020608,David Carr,2002,3,2004,170,578,18.811,513,14,16,30,47,HOU,16,7,9,0,0.4375,0.0325,0.0137,0.0188,HOU,True,True
00-0020608,David Carr,2002,4,2005,155,542,-48.26,488,11,17,23,47,HOU,15,2,13,0,0.1333,-0.089,-0.0023,-0.0867,HOU,True,True
00-0020608,David Carr,2002,5,2006,143,526,-52.468,480,12,19,23,39,HOU,16,6,10,0,0.375,-0.0997,-0.0207,-0.079,HOU,True,True
00-0020608,David Carr,2002,6,2007,49,164,-34.891,149,5,5,4,9,CAR,4,1,3,0,0.25,-0.2128,-0.002,-0.2108,HOU,False,False
00-0020608,David Carr,2002,7,2008,5,16,9.059,13,0,0,2,3,NYG,0,0,0,0,,0.5662,0.0152,0.551,HOU,False,False
00-0020608,David Carr,2002,8,2009,15,39,5.501,34,0,0,2,5,NYG,0,0,0,0,,0.1411,0.009,0.132,HOU,False,False
00-0020608,David Carr,2002,9,2010,6,13,-5.545,13,1,1,0,1,SF,0,0,0,0,,-0.4265,0.0199,-0.4464,HOU,False,False
00-0020608,David Carr,2002,11,2012,3,4,-0.879,4,0,0,0,1,NYG,0,0,0,0,,-0.2198,0.0372,-0.257,HOU,False,False
00-0021231,David Garrard,2002,1,2002,18,76,-12.182,53,2,3,3,5,JAX,1,0,1,0,0.0,-0.1603,-0.0028,-0.1575,JAX,True,False
00-0021231,David Garrard,2002,2,2003,1,12,6.553,12,0,0,1,1,JAX,0,0,0,0,,0.5461,-0.0274,0.5735,JAX,True,False
00-0021231,David Garrard,2002,3,2004,30,90,-13.545,78,1,1,4,7,JAX,2,1,1,0,0.5,-0.1505,0.0137,-0.1642,JAX,True,False
00-0021231,David Garrard,2002,4,2005,58,200,25.56,178,1,2,14,22,JAX,5,4,1,0,0.8,0.1278,-0.0023,0.1301,JAX,True,False
00-0021231,David Garrard,2002,5,2006,97,299,-15.413,261,9,11,20,36,JAX,9,5,4,0,0.5556,-0.0515,-0.0207,-0.0308,JAX,True,True
00-0021231,David Garrard,2002,6,2007,100,382,88.552,344,3,5,28,46,JAX,12,9,3,0,0.75,0.2318,-0.002,0.2338,JAX,True,True
00-0021231,David Garrard,2002,7,2008,159,640,28.012,575,13,16,32,51,JAX,16,5,11,0,0.3125,0.0438,0.0152,0.0286,JAX,True,True
00-0021231,David Garrard,2002,8,2009,161,617,-8.887,555,10,18,31,49,JAX,16,7,9,0,0.4375,-0.0144,0.009,-0.0234,JAX,True,True
00-0021231,David Garrard,2002,9,2010,134,455,32.853,397,15,19,32,49,JAX,14,8,6,0,0.5714,0.0722,0.0199,0.0523,JAX,True,True
00-0021141,Joey Harrington,2002,1,2002,136,442,-93.443,437,16,17,17,36,DET,12,3,9,0,0.25,-0.2114,-0.0028,-0.2086,DET,True,True
00-0021141,Joey Harrington,2002,2,2003,164,581,-92.088,561,22,22,22,44,DET,16,5,11,0,0.3125,-0.1585,-0.0274,-0.1311,DET,True,True
00-0021141,Joey Harrington,2002,3,2004,170,557,-49.977,519,12,15,24,48,DET,16,6,10,0,0.375,-0.0897,0.0137,-0.1035,DET,True,True
00-0021141,Joey Harrington,2002,4,2005,110,375,-59.062,354,12,16,18,27,DET,11,4,7,0,0.3636,-0.1575,-0.0023,-0.1552,DET,True,True
00-0021141,Joey Harrington,2002,5,2006,118,412,-42.546,400,15,15,16,30,MIA,11,5,6,0,0.4545,-0.1033,-0.0207,-0.0825,DET,False,True
00-0021141,Joey Harrington,2002,6,2007,110,390,-55.973,380,8,8,11,29,ATL,10,3,7,0,0.3,-0.1435,-0.002,-0.1416,DET,False,True
00-0021206,Josh McCown,2002,1,2002,6,24,-20.244,23,2,3,0,0,ARI,0,0,0,0,,-0.8435,-0.0028,-0.8407,ARI,True,False
00-0021206,Josh McCown,2002,2,2003,51,218,-26.385,189,6,8,7,11,ARI,3,1,2,0,0.3333,-0.121,-0.0274,-0.0936,ARI,True,False
00-0021206,Josh McCown,2002,3,2004,149,466,-42.119,439,10,15,24,41,ARI,13,6,7,0,0.4615,-0.0904,0.0137,-0.1041,ARI,True,True
00-0021206,Josh McCown,2002,4,2005,83,315,-12.781,287,11,14,9,25,ARI,6,3,3,0,0.5,-0.0406,-0.0023,-0.0382,ARI,True,False
00-0021206,Josh McCown,2002,6,2007,81,234,-26.426,206,11,15,14,23,LV,9,2,7,0,0.2222,-0.1129,-0.002,-0.111,ARI,False,True
00-0021206,Josh McCown,2002,8,2009,2,7,-7.009,7,0,0,0,0,CAR,0,0,0,0,,-1.0013,0.009,-1.0103,ARI,False,False
00-0021206,Josh McCown,2002,10,2011,21,72,-1.778,62,4,4,3,6,CHI,2,1,1,0,0.5,-0.0247,0.0242,-0.0489,ARI,False,False
00-0021206,Josh McCown,2002,12,2013,59,245,83.053,235,1,2,18,29,CHI,5,3,2,0,0.6,0.339,0.0354,0.3036,ARI,False,False
00-0021206,Josh McCown,2002,13,2014,108,383,-43.284,359,14,18,16,29,TB,11,1,10,0,0.0909,-0.113,0.0272,-0.1402,ARI,False,True
00-0021206,Josh McCown,2002,14,2015,80,334,3.084,315,4,10,13,28,CLE,8,1,7,0,0.125,0.0092,0.0405,-0.0313,ARI,False,True
00-0021206,Josh McCown,2002,15,2016,46,189,-29.988,182,6,10,7,11,CLE,3,0,3,0,0.0,-0.1587,0.0511,-0.2097,ARI,False,False
00-0021206,Josh McCown,2002,16,2017,135,454,15.199,431,9,13,25,44,NYJ,13,5,8,0,0.3846,0.0335,0.0029,0.0305,ARI,False,True
00-0021206,Josh McCown,2002,17,2018,33,121,-29.594,116,4,4,2,11,NYJ,3,0,3,0,0.0,-0.2446,0.0506,-0.2952,ARI,False,False
00-0021206,Josh McCown,2002,18,2019,1,5,1.129,5,0,0,0,1,PHI,0,0,0,0,,0.2258,0.0352,0.1906,ARI,False,False
00-0021379,Patrick Ramsey,2002,1,2002,72,253,-26.464,245,8,13,16,22,WAS,5,2,3,0,0.4,-0.1046,-0.0028,-0.1018,WAS,True,False
00-0021379,Patrick Ramsey,2002,2,2003,109,379,-30.536,368,9,14,17,35,WAS,11,4,7,0,0.3636,-0.0806,-0.0274,-0.0532,WAS,True,True
00-0021379,Patrick Ramsey,2002,3,2004,87,299,-7.617,294,11,12,13,22,WAS,7,3,4,0,0.4286,-0.0255,0.0137,-0.0392,WAS,True,False
00-0021379,Patrick Ramsey,2002,4,2005,8,32,7.091,29,1,2,2,2,WAS,1,1,0,0,1.0,0.2216,-0.0023,0.2239,WAS,True,False
00-0021379,Patrick Ramsey,2002,5,2006,1,1,-0.432,1,0,0,0,0,NYJ,0,0,0,0,,-0.432,-0.0207,-0.4113,WAS,False,False
00-0021379,Patrick Ramsey,2002,6,2007,12,52,-19.747,50,1,2,1,1,DEN,0,0,0,0,,-0.3797,-0.002,-0.3778,WAS,False,False
00-0021379,Patrick Ramsey,2002,7,2008,1,4,-1.419,4,0,1,0,0,DEN,0,0,0,0,,-0.3548,0.0152,-0.37,WAS,False,False
00-0020679,Shaun Hill,2002,6,2007,25,89,-1.393,84,2,3,6,8,SF,2,2,0,0,1.0,-0.0157,-0.002,-0.0137,SF,True,False
00-0020679,Shaun Hill,2002,7,2008,86,327,25.753,307,8,9,17,30,SF,8,5,3,0,0.625,0.0788,0.0152,0.0635,SF,True,True
00-0020679,Shaun Hill,2002,8,2009,57,179,-15.781,173,2,3,8,15,SF,6,3,3,0,0.5,-0.0882,0.009,-0.0972,SF,True,False
00-0020679,Shaun Hill,2002,9,2010,112,451,20.555,430,12,13,21,39,DET,10,3,7,0,0.3,0.0456,0.0199,0.0257,SF,False,True
00-0020679,Shaun Hill,2002,10,2011,3,3,1.481,3,0,0,1,1,DET,0,0,0,0,,0.4937,0.0242,0.4694,SF,False,False
00-0020679,Shaun Hill,2002,11,2012,3,13,10.918,12,0,0,2,2,DET,0,0,0,0,,0.8398,0.0372,0.8026,SF,False,False
00-0020679,Shaun Hill,2002,13,2014,75,254,-36.202,247,7,8,12,25,LA,8,3,5,0,0.375,-0.1425,0.0272,-0.1697,SF,False,True
00-0020679,Shaun Hill,2002,14,2015,6,8,-6.63,8,0,0,0,1,MIN,0,0,0,0,,-0.8288,0.0405,-0.8692,SF,False,False
00-0020679,Shaun Hill,2002,15,2016,11,37,5.706,36,0,0,0,4,MIN,1,1,0,0,1.0,0.1542,0.0511,0.1031,SF,False,False
00-0022026,Brooks Bollinger,2003,2,2004,4,11,-3.064,10,0,0,0,0,NYJ,0,0,0,0,,-0.2785,0.0137,-0.2923,NYJ,True,False
00-0022026,Brooks Bollinger,2003,3,2005,86,332,-50.92,299,6,7,9,25,NYJ,9,2,7,0,0.2222,-0.1534,-0.0023,-0.151,NYJ,True,True
00-0022026,Brooks Bollinger,2003,4,2006,6,24,-10.505,24,1,1,1,1,MIN,0,0,0,0,,-0.4377,-0.0207,-0.417,NYJ,False,False
00-0022026,Brooks Bollinger,2003,5,2007,19,60,-7.983,56,1,2,2,4,MIN,1,0,1,0,0.0,-0.133,-0.002,-0.1311,NYJ,False,False
00-0022026,Brooks Bollinger,2003,6,2008,7,20,-7.154,20,1,1,1,1,DAL,0,0,0,0,,-0.3577,0.0152,-0.3729,NYJ,False,False
00-0022177,Byron Leftwich,2003,1,2003,137,462,-29.2,437,17,22,22,38,JAX,13,5,8,0,0.3846,-0.0632,-0.0274,-0.0358,JAX,True,True
00-0022177,Byron Leftwich,2003,2,2004,142,502,2.71,466,10,12,22,42,JAX,14,8,6,0,0.5714,0.0054,0.0137,-0.0083,JAX,True,True
00-0022177,Byron Leftwich,2003,3,2005,114,343,23.358,323,5,8,21,35,JAX,11,8,3,0,0.7273,0.0681,-0.0023,0.0704,JAX,True,True
00-0022177,Byron Leftwich,2003,4,2006,65,210,0.361,193,5,5,13,22,JAX,6,3,3,0,0.5,0.0017,-0.0207,0.0224,JAX,True,False
00-0022177,Byron Leftwich,2003,5,2007,21,69,-34.062,64,3,4,1,3,ATL,2,0,2,0,0.0,-0.4937,-0.002,-0.4917,JAX,False,False
00-0022177,Byron Leftwich,2003,6,2008,13,39,20.167,38,0,0,5,7,PIT,0,0,0,0,,0.5171,0.0152,0.5019,JAX,False,False
00-0022177,Byron Leftwich,2003,7,2009,32,114,-13.045,109,3,3,6,6,TB,3,0,3,0,0.0,-0.1144,0.009,-0.1235,JAX,False,False
00-0022177,Byron Leftwich,2003,8,2010,3,9,1.376,9,0,0,0,1,PIT,0,0,0,0,,0.1529,0.0199,0.133,JAX,False,False
00-0022177,Byron Leftwich,2003,10,2012,18,57,-5.671,56,1,1,1,3,PIT,1,0,1,0,0.0,-0.0995,0.0372,-0.1367,JAX,False,False
00-0021429,Carson Palmer,2003,2,2004,152,461,-27.753,451,18,20,27,51,CIN,13,6,7,0,0.4615,-0.0602,0.0137,-0.0739,CIN,True,True
00-0021429,Carson Palmer,2003,3,2005,156,546,103.74,529,12,14,44,71,CIN,15,11,4,0,0.7333,0.19,-0.0023,0.1923,CIN,True,True
00-0021429,Carson Palmer,2003,4,2006,168,568,59.805,552,13,20,41,65,CIN,16,8,8,0,0.5,0.1053,-0.0207,0.126,CIN,True,True
00-0021429,Carson Palmer,2003,5,2007,161,598,45.818,589,20,21,36,66,CIN,16,7,9,0,0.4375,0.0766,-0.002,0.0786,CIN,True,True
00-0021429,Carson Palmer,2003,6,2008,46,145,-13.71,139,4,4,5,12,CIN,4,0,4,0,0.0,-0.0946,0.0152,-0.1098,CIN,True,False
00-0021429,Carson Palmer,2003,7,2009,158,516,32.835,488,13,15,30,53,CIN,16,10,6,0,0.625,0.0636,0.009,0.0546,CIN,True,True
00-0021429,Carson Palmer,2003,8,2010,176,630,16.339,610,20,23,31,55,CIN,16,4,12,0,0.25,0.0259,0.0199,0.0061,CIN,True,True
00-0021429,Carson Palmer,2003,9,2011,110,357,24.237,343,16,17,19,38,LV,9,4,5,0,0.4444,0.0679,0.0242,0.0437,CIN,False,True
00-0021429,Carson Palmer,2003,10,2012,156,602,9.92,587,14,19,25,53,LV,15,4,11,0,0.2667,0.0165,0.0372,-0.0207,CIN,False,True
00-0021429,Carson Palmer,2003,11,2013,184,619,-1.055,612,22,25,34,63,ARI,16,10,6,0,0.625,-0.0017,0.0354,-0.0371,CIN,False,True
00-0021429,Carson Palmer,2003,12,2014,65,238,31.477,233,3,4,15,23,ARI,6,6,0,0,1.0,0.1323,0.0272,0.1051,CIN,False,False
00-0021429,Carson Palmer,2003,13,2015,161,564,147.499,556,11,13,49,77,ARI,16,13,3,0,0.8125,0.2615,0.0405,0.221,CIN,False,True
00-0021429,Carson Palmer,2003,14,2016,166,645,15.205,635,14,18,42,62,ARI,15,6,8,1,0.4333,0.0236,0.0511,-0.0275,CIN,False,True
00-0021429,Carson Palmer,2003,15,2017,74,297,-14.486,289,7,7,11,20,ARI,7,3,4,0,0.4286,-0.0488,0.0029,-0.0517,CIN,False,False
00-0022005,Chris Simms,2003,2,2004,25,89,-28.158,83,3,5,1,4,TB,2,1,1,0,0.5,-0.3164,0.0137,-0.3301,TB,True,False
00-0022005,Chris Simms,2003,3,2005,111,349,-25.469,338,7,11,18,31,TB,10,6,4,0,0.6,-0.073,-0.0023,-0.0706,TB,True,True
00-0022005,Chris Simms,2003,4,2006,31,112,-41.498,109,7,7,2,4,TB,3,0,3,0,0.0,-0.3705,-0.0207,-0.3498,TB,True,False
00-0022005,Chris Simms,2003,6,2008,1,3,-2.297,3,0,0,0,0,TEN,0,0,0,0,,-0.7657,0.0152,-0.7809,TB,False,False
00-0022005,Chris Simms,2003,7,2009,8,22,-22.618,22,1,2,0,0,DEN,1,0,1,0,0.0,-1.0281,0.009,-1.0371,TB,False,False
00-0022164,Kyle Boller,2003,1,2003,93,262,-54.802,237,9,14,13,32,BAL,9,5,4,0,0.5556,-0.2092,-0.0274,-0.1818,BAL,True,True
00-0022164,Kyle Boller,2003,2,2004,171,529,-81.987,490,11,18,20,48,BAL,16,9,7,0,0.5625,-0.155,0.0137,-0.1687,BAL,True,True
00-0022164,Kyle Boller,2003,3,2005,101,335,-18.117,314,12,14,14,27,BAL,9,4,5,0,0.4444,-0.0541,-0.0023,-0.0517,BAL,True,True
00-0022164,Kyle Boller,2003,4,2006,20,71,8.244,58,2,3,5,7,BAL,0,0,0,0,,0.1161,-0.0207,0.1368,BAL,True,False
00-0022164,Kyle Boller,2003,5,2007,95,314,-33.769,295,10,14,15,29,BAL,8,2,6,0,0.25,-0.1075,-0.002,-0.1056,BAL,True,True
00-0022164,Kyle Boller,2003,7,2009,62,205,-79.836,192,6,8,4,10,LA,4,0,4,0,0.0,-0.3894,0.009,-0.3985,BAL,False,False
00-0022164,Kyle Boller,2003,8,2010,5,10,-6.051,5,1,1,0,0,LV,0,0,0,0,,-0.6051,0.0199,-0.625,BAL,False,False
00-0022164,Kyle Boller,2003,9,2011,14,39,-13.634,31,3,3,1,2,LV,1,0,1,0,0.0,-0.3496,0.0242,-0.3738,BAL,False,False
00-0022121,Rex Grossman,2003,1,2003,25,78,-11.548,76,1,1,4,8,CHI,2,2,0,0,1.0,-0.1481,-0.0274,-0.1206,CHI,True,False
00-0022121,Rex Grossman,2003,2,2004,32,97,2.783,88,3,5,6,9,CHI,3,1,2,0,0.3333,0.0287,0.0137,0.015,CHI,True,False
00-0022121,Rex Grossman,2003,3,2005,14,40,8.653,40,2,2,2,4,CHI,1,1,0,0,1.0,0.2163,-0.0023,0.2187,CHI,True,False
00-0022121,Rex Grossman,2003,4,2006,164,508,-44.813,500,20,25,35,62,CHI,16,13,3,0,0.8125,-0.0882,-0.0207,-0.0675,CHI,True,True
00-0022121,Rex Grossman,2003,5,2007,85,254,-54.406,246,7,10,8,21,CHI,7,2,5,0,0.2857,-0.2142,-0.002,-0.2122,CHI,True,False
00-0022121,Rex Grossman,2003,6,2008,21,68,-18.058,65,2,2,4,4,CHI,1,0,1,0,0.0,-0.2656,0.0152,-0.2808,CHI,True,False
00-0022121,Rex Grossman,2003,7,2009,4,12,-6.659,9,1,1,0,0,HOU,0,0,0,0,,-0.5549,0.009,-0.564,CHI,False,False
00-0022121,Rex Grossman,2003,8,2010,39,143,-19.814,141,4,8,8,9,WAS,3,1,2,0,0.3333,-0.1386,0.0199,-0.1584,CHI,False,False
00-0022121,Rex Grossman,2003,9,2011,141,491,-19.165,481,20,25,22,48,WAS,13,5,8,0,0.3846,-0.039,0.0242,-0.0633,CHI,False,True
00-0021678,Tony Romo,2003,3,2005,1,2,-1.523,0,0,0,0,0,DAL,0,0,0,0,,-0.7615,-0.0023,-0.7592,DAL,True,False
00-0021678,Tony Romo,2003,4,2006,102,381,85.156,358,13,16,28,41,DAL,10,6,4,0,0.6,0.2235,-0.0207,0.2442,DAL,True,True
00-0021678,Tony Romo,2003,5,2007,160,566,130.189,544,19,21,47,72,DAL,16,13,3,0,0.8125,0.23,-0.002,0.232,DAL,True,True
00-0021678,Tony Romo,2003,6,2008,147,485,16.766,470,14,21,37,55,DAL,13,8,5,0,0.6154,0.0346,0.0152,0.0194,DAL,True,True
00-0021678,Tony Romo,2003,7,2009,165,600,104.16,582,9,13,40,60,DAL,16,11,5,0,0.6875,0.1736,0.009,0.1646,DAL,True,True
00-0021678,Tony Romo,2003,8,2010,54,224,19.395,220,7,7,12,20,DAL,6,1,5,0,0.1667,0.0866,0.0199,0.0667,DAL,True,False
00-0021678,Tony Romo,2003,9,2011,156,567,81.937,554,10,13,36,66,DAL,16,8,8,0,0.5,0.1445,0.0242,0.1203,DAL,True,True
00-0021678,Tony Romo,2003,10,2012,163,697,76.409,681,19,22,36,63,DAL,16,8,8,0,0.5,0.1096,0.0372,0.0724,DAL,True,True
00-0021678,Tony Romo,2003,11,2013,157,579,42.462,569,10,11,40,64,DAL,15,8,7,0,0.5333,0.0733,0.0354,0.038,DAL,True,True
00-0021678,Tony Romo,2003,12,2014,146,475,128.097,463,9,12,48,69,DAL,15,12,3,0,0.8,0.2697,0.0272,0.2425,DAL,True,True
00-0021678,Tony Romo,2003,13,2015,34,129,-18.789,127,7,8,5,12,DAL,4,3,1,0,0.75,-0.1457,0.0405,-0.1862,DAL,True,False
00-0021678,Tony Romo,2003,14,2016,1,4,3.706,4,0,0,1,1,DAL,0,0,0,0,,0.9265,0.0511,0.8754,DAL,True,False
00-0022924,Ben Roethlisberger,2004,1,2004,129,354,66.873,324,11,13,32,54,PIT,13,13,0,0,1.0,0.1889,0.0137,0.1752,PIT,True,True
00-0022924,Ben Roethlisberger,2004,2,2005,110,310,77.562,291,9,10,31,47,PIT,12,9,3,0,0.75,0.2502,-0.0023,0.2525,PIT,True,True
00-0022924,Ben Roethlisberger,2004,3,2006,153,535,-4.214,511,23,25,33,52,PIT,15,7,8,0,0.4667,-0.0079,-0.0207,0.0128,PIT,True,True
00-0022924,Ben Roethlisberger,2004,4,2007,141,479,98.476,449,11,14,39,61,PIT,15,10,5,0,0.6667,0.2056,-0.002,0.2075,PIT,True,True
00-0022924,Ben Roethlisberger,2004,5,2008,162,538,-19.8,513,15,22,29,54,PIT,16,12,4,0,0.75,-0.0368,0.0152,-0.052,PIT,True,True
00-0022924,Ben Roethlisberger,2004,6,2009,157,580,85.633,555,12,15,36,62,PIT,15,9,6,0,0.6,0.1476,0.009,0.1386,PIT,True,True
00-0022924,Ben Roethlisberger,2004,7,2010,122,437,80.701,413,5,8,30,50,PIT,12,9,3,0,0.75,0.1847,0.0199,0.1648,PIT,True,True
00-0022924,Ben Roethlisberger,2004,8,2011,147,569,70.429,551,14,19,30,50,PIT,15,11,4,0,0.7333,0.1238,0.0242,0.0995,PIT,True,True
00-0022924,Ben Roethlisberger,2004,9,2012,134,491,61.333,473,8,11,31,53,PIT,13,7,6,0,0.5385,0.1249,0.0372,0.0877,PIT,True,True
00-0022924,Ben Roethlisberger,2004,10,2013,172,637,50.95,620,14,20,36,66,PIT,16,8,8,0,0.5,0.08,0.0354,0.0446,PIT,True,True
00-0022924,Ben Roethlisberger,2004,11,2014,164,649,123.671,632,9,14,43,70,PIT,16,11,5,0,0.6875,0.1906,0.0272,0.1634,PIT,True,True
00-0022924,Ben Roethlisberger,2004,12,2015,122,494,88.195,488,16,17,34,57,PIT,11,7,4,0,0.6364,0.1785,0.0405,0.138,PIT,True,True
00-0022924,Ben Roethlisberger,2004,13,2016,138,529,90.838,523,13,15,41,61,PIT,14,10,4,0,0.7143,0.1717,0.0511,0.1206,PIT,True,True
00-0022924,Ben Roethlisberger,2004,14,2017,154,592,88.367,579,14,15,38,72,PIT,15,12,3,0,0.8,0.1493,0.0029,0.1463,PIT,True,True
00-0022924,Ben Roethlisberger,2004,15,2018,163,715,134.625,696,16,18,49,65,PIT,16,9,6,1,0.5938,0.1883,0.0506,0.1377,PIT,True,True
00-0022924,Ben Roethlisberger,2004,16,2019,15,65,-13.132,64,1,1,1,3,PIT,2,0,2,0,0.0,-0.202,0.0352,-0.2372,PIT,True,False
00-0022924,Ben Roethlisberger,2004,17,2020,162,631,37.266,621,10,11,45,64,PIT,15,12,3,0,0.8,0.0591,0.0747,-0.0156,PIT,True,True
00-0022924,Ben Roethlisberger,2004,18,2021,170,648,-45.085,641,10,15,31,64,PIT,16,9,7,0,0.5625,-0.0696,0.0381,-0.1077,PIT,True,True
00-0022803,Eli Manning,2004,1,2004,72,212,-34.828,207,9,10,9,18,NYG,7,1,6,0,0.1429,-0.1643,0.0137,-0.178,NYG,True,False
00-0022803,Eli Manning,2004,2,2005,179,602,42.485,585,17,19,36,71,NYG,16,11,5,0,0.6875,0.0706,-0.0023,0.0729,NYG,True,True
00-0022803,Eli Manning,2004,3,2006,177,556,-28.667,544,18,20,37,60,NYG,16,8,8,0,0.5,-0.0516,-0.0207,-0.0308,NYG,True,True
00-0022803,Eli Manning,2004,4,2007,168,571,-57.241,553,20,27,35,58,NYG,16,10,6,0,0.625,-0.1002,-0.002,-0.0983,NYG,True,True
00-0022803,Eli Manning,2004,5,2008,153,512,46.934,505,10,12,37,72,NYG,16,12,4,0,0.75,0.0917,0.0152,0.0765,NYG,True,True
00-0022803,Eli Manning,2004,6,2009,160,548,90.322,537,14,22,40,64,NYG,16,8,8,0,0.5,0.1648,0.009,0.1558,NYG,True,True
00-0022803,Eli Manning,2004,7,2010,187,569,25.441,554,25,30,45,63,NYG,16,10,6,0,0.625,0.0447,0.0199,0.0249,NYG,True,True
00-0022803,Eli Manning,2004,8,2011,185,631,77.597,617,16,20,44,63,NYG,16,9,7,0,0.5625,0.123,0.0242,0.0987,NYG,True,True
00-0022803,Eli Manning,2004,9,2012,160,565,56.581,555,15,16,43,73,NYG,16,9,7,0,0.5625,0.1001,0.0372,0.0629,NYG,True,True
00-0022803,Eli Manning,2004,10,2013,182,600,-65.978,590,27,29,26,48,NYG,16,7,9,0,0.4375,-0.11,0.0354,-0.1453,NYG,True,True
00-0022803,Eli Manning,2004,11,2014,177,634,43.959,628,14,18,41,63,NYG,16,6,10,0,0.375,0.0693,0.0272,0.0421,NYG,True,True
00-0022803,Eli Manning,2004,12,2015,175,655,44.747,644,14,18,39,69,NYG,16,6,10,0,0.375,0.0683,0.0405,0.0278,NYG,True,True
00-0022803,Eli Manning,2004,13,2016,174,622,-22.195,619,16,20,32,53,NYG,16,11,5,0,0.6875,-0.0357,0.0511,-0.0868,NYG,True,True
00-0022803,Eli Manning,2004,14,2017,165,609,-59.833,603,13,18,24,41,NYG,15,3,12,0,0.2,-0.0982,0.0029,-0.1012,NYG,True,True
00-0022803,Eli Manning,2004,15,2018,162,633,28.432,622,11,15,34,65,NYG,16,5,11,0,0.3125,0.0449,0.0506,-0.0057,NYG,True,True
00-0022803,Eli Manning,2004,16,2019,44,155,-7.747,152,5,6,10,12,NYG,4,1,3,0,0.25,-0.05,0.0352,-0.0851,NYG,True,False
00-0022912,J.P. Losman,2004,1,2004,4,8,-1.198,6,1,2,1,1,BUF,0,0,0,0,,-0.1498,0.0137,-0.1635,BUF,True,False
00-0022912,J.P. Losman,2004,2,2005,87,277,-45.482,251,8,11,10,23,BUF,8,1,7,0,0.125,-0.1642,-0.0023,-0.1619,BUF,True,True
00-0022912,J.P. Losman,2004,3,2006,171,510,-28.721,475,14,21,27,50,BUF,16,7,9,0,0.4375,-0.0563,-0.0207,-0.0356,BUF,True,True
00-0022912,J.P. Losman,2004,4,2007,59,206,-29.236,188,6,8,8,16,BUF,7,2,5,0,0.2857,-0.1419,-0.002,-0.14,BUF,True,False
00-0022912,J.P. Losman,2004,5,2008,36,125,-42.525,116,5,9,5,9,BUF,2,0,2,0,0.0,-0.3402,0.0152,-0.3554,BUF,True,False
00-0022912,J.P. Losman,2004,6,2009,1,1,-1.011,1,0,0,1,1,LV,0,0,0,0,,-1.011,0.009,-1.02,BUF,False,False
00-0022912,J.P. Losman,2004,8,2011,5,17,-7.907,15,0,0,0,0,MIA,0,0,0,0,,-0.4651,0.0242,-0.4893,BUF,False,False
00-0022787,Matt Schaub,2004,1,2004,22,79,-17.133,74,4,4,2,5,ATL,2,0,2,0,0.0,-0.2169,0.0137,-0.2306,ATL,True,False
00-0022787,Matt Schaub,2004,2,2005,27,76,-0.164,69,0,1,5,11,ATL,1,0,1,0,0.0,-0.0022,-0.0023,0.0002,ATL,True,False
00-0022787,Matt Schaub,2004,3,2006,11,33,-6.106,29,2,2,1,2,ATL,1,0,1,0,0.0,-0.185,-0.0207,-0.1643,ATL,True,False
00-0022787,Matt Schaub,2004,4,2007,91,316,-20.472,301,9,12,13,34,HOU,11,4,7,0,0.3636,-0.0648,-0.002,-0.0628,ATL,False,True
00-0022787,Matt Schaub,2004,5,2008,104,421,29.486,398,10,14,24,41,HOU,11,6,5,0,0.5455,0.07,0.0152,0.0548,ATL,False,True
00-0022787,Matt Schaub,2004,6,2009,166,632,105.763,604,15,17,41,62,HOU,16,9,7,0,0.5625,0.1673,0.009,0.1583,ATL,False,True
00-0022787,Matt Schaub,2004,7,2010,165,615,73.092,602,12,15,41,66,HOU,16,6,10,0,0.375,0.1188,0.0199,0.099,ATL,False,True
00-0022787,Matt Schaub,2004,8,2011,97,314,65.629,306,6,7,27,45,HOU,10,7,3,0,0.7,0.209,0.0242,0.1848,ATL,False,True
00-0022787,Matt Schaub,2004,9,2012,176,576,83.697,571,12,12,37,67,HOU,16,12,4,0,0.75,0.1453,0.0372,0.1081,ATL,False,True
00-0022787,Matt Schaub,2004,10,2013,99,384,-49.056,379,14,15,12,27,HOU,8,2,6,0,0.25,-0.1278,0.0354,-0.1631,ATL,False,True
00-0022787,Matt Schaub,2004,11,2014,4,13,-16.359,13,2,3,0,0,LV,0,0,0,0,,-1.2584,0.0272,-1.2856,ATL,False,False
00-0022787,Matt Schaub,2004,12,2015,23,87,-7.548,83,4,4,3,7,BAL,2,1,1,0,0.5,-0.0868,0.0405,-0.1273,ATL,False,False
00-0022787,Matt Schaub,2004,13,2016,3,3,-0.145,3,0,0,0,1,ATL,0,0,0,0,,-0.0483,0.0511,-0.0994,ATL,True,False
00-0022787,Matt Schaub,2004,15,2018,2,8,-3.842,7,0,0,0,0,ATL,0,0,0,0,,-0.4802,0.0506,-0.5308,ATL,True,False
00-0022787,Matt Schaub,2004,16,2019,12,67,21.175,67,1,2,4,6,ATL,1,0,1,0,0.0,0.316,0.0352,0.2809,ATL,True,False
00-0022942,Philip Rivers,2004,1,2004,6,13,-3.676,8,0,0,1,1,LAC,0,0,0,0,,-0.2828,0.0137,-0.2965,LAC,True,False
00-0022942,Philip Rivers,2004,2,2005,7,26,-8.696,25,1,1,1,1,LAC,1,0,1,0,0.0,-0.3345,-0.0023,-0.3321,LAC,True,False
00-0022942,Philip Rivers,2004,3,2006,165,529,68.914,487,9,11,49,75,LAC,16,14,2,0,0.875,0.1303,-0.0207,0.151,LAC,True,True
00-0022942,Philip Rivers,2004,4,2007,158,508,11.917,482,15,21,39,60,LAC,16,11,5,0,0.6875,0.0235,-0.002,0.0254,LAC,True,True
00-0022942,Philip Rivers,2004,5,2008,156,529,130.794,503,11,15,42,69,LAC,16,8,8,0,0.5,0.2472,0.0152,0.232,LAC,True,True
00-0022942,Philip Rivers,2004,6,2009,146,529,167.217,509,9,12,44,74,LAC,15,12,3,0,0.8,0.3161,0.009,0.3071,LAC,True,True
00-0022942,Philip Rivers,2004,7,2010,166,600,138.634,578,13,17,46,72,LAC,16,9,7,0,0.5625,0.2311,0.0199,0.2112,LAC,True,True
00-0022942,Philip Rivers,2004,8,2011,160,630,95.561,609,20,25,42,70,LAC,16,8,8,0,0.5,0.1517,0.0242,0.1275,LAC,True,True
00-0022942,Philip Rivers,2004,9,2012,166,593,-14.045,574,15,22,29,53,LAC,16,7,9,0,0.4375,-0.0237,0.0372,-0.0609,LAC,True,True
00-0022942,Philip Rivers,2004,10,2013,153,598,151.365,573,11,13,40,72,LAC,16,9,7,0,0.5625,0.2531,0.0354,0.2178,LAC,True,True
00-0022942,Philip Rivers,2004,11,2014,166,639,66.454,605,18,20,37,58,LAC,16,9,7,0,0.5625,0.104,0.0272,0.0768,LAC,True,True
00-0022942,Philip Rivers,2004,12,2015,170,712,45.362,700,13,15,33,59,LAC,16,4,12,0,0.25,0.0637,0.0405,0.0232,LAC,True,True
00-0022942,Philip Rivers,2004,13,2016,167,622,40.49,613,21,26,43,69,LAC,16,5,11,0,0.3125,0.0651,0.0511,0.014,LAC,True,True
00-0022942,Philip Rivers,2004,14,2017,158,598,107.097,591,10,11,37,57,LAC,16,9,7,0,0.5625,0.1791,0.0029,0.1761,LAC,True,True
00-0022942,Philip Rivers,2004,15,2018,152,551,119.325,540,12,13,46,68,LAC,16,12,4,0,0.75,0.2166,0.0506,0.166,LAC,True,True
00-0022942,Philip Rivers,2004,16,2019,147,632,45.904,622,20,23,34,60,LAC,16,5,11,0,0.3125,0.0726,0.0352,0.0375,LAC,True,True
00-0022942,Philip Rivers,2004,17,2020,148,561,93.013,559,11,12,42,71,IND,16,11,5,0,0.6875,0.1658,0.0747,0.0911,LAC,False,True
00-0022942,Philip Rivers,2004,22,2025,28,98,-12.339,97,3,3,6,12,IND,3,0,3,0,0.0,-0.1259,0.0407,-0.1666,LAC,False,False
00-0023459,Aaron Rodgers,2005,1,2005,5,20,-16.201,19,1,3,0,0,GB,0,0,0,0,,-0.8101,-0.0023,-0.8077,GB,True,False
00-0023459,Aaron Rodgers,2005,2,2006,8,20,-14.322,18,0,1,0,0,GB,0,0,0,0,,-0.7161,-0.0207,-0.6954,GB,True,False
00-0023459,Aaron Rodgers,2005,3,2007,7,35,9.906,30,0,0,2,3,GB,0,0,0,0,,0.283,-0.002,0.285,GB,True,False
00-0023459,Aaron Rodgers,2005,4,2008,168,613,90.481,565,13,16,39,66,GB,16,6,10,0,0.375,0.1476,0.0152,0.1324,GB,True,True
00-0023459,Aaron Rodgers,2005,5,2009,167,632,133.008,587,7,11,47,73,GB,16,11,5,0,0.6875,0.2105,0.009,0.2014,GB,True,True
00-0023459,Aaron Rodgers,2005,6,2010,150,556,111.663,504,11,12,39,58,GB,15,10,5,0,0.6667,0.2008,0.0199,0.181,GB,True,True
00-0023459,Aaron Rodgers,2005,7,2011,142,584,236.963,535,6,6,55,77,GB,15,14,1,0,0.9333,0.4058,0.0242,0.3815,GB,True,True
00-0023459,Aaron Rodgers,2005,8,2012,165,641,128.587,600,8,12,46,66,GB,16,11,5,0,0.6875,0.2006,0.0372,0.1634,GB,True,True
00-0023459,Aaron Rodgers,2005,9,2013,83,331,100.949,310,6,6,25,44,GB,9,6,3,0,0.6667,0.305,0.0354,0.2696,GB,True,True
00-0023459,Aaron Rodgers,2005,10,2014,145,581,189.159,548,5,7,52,78,GB,16,12,4,0,0.75,0.3256,0.0272,0.2984,GB,True,True
00-0023459,Aaron Rodgers,2005,11,2015,170,663,6.224,617,8,12,38,62,GB,16,10,6,0,0.625,0.0094,0.0405,-0.0311,GB,True,True
00-0023459,Aaron Rodgers,2005,12,2016,159,694,144.029,643,7,11,49,74,GB,16,10,6,0,0.625,0.2075,0.0511,0.1565,GB,True,True
00-0023459,Aaron Rodgers,2005,13,2017,60,278,28.116,259,6,7,19,25,GB,7,4,3,0,0.5714,0.1011,0.0029,0.0982,GB,True,False
00-0023459,Aaron Rodgers,2005,14,2018,161,682,74.566,644,2,5,38,68,GB,15,6,8,1,0.4333,0.1093,0.0506,0.0588,GB,True,True
00-0023459,Aaron Rodgers,2005,15,2019,163,632,54.66,604,4,8,43,65,GB,16,13,3,0,0.8125,0.0865,0.0352,0.0513,GB,True,True
00-0023459,Aaron Rodgers,2005,16,2020,145,572,187.283,543,5,7,62,78,GB,16,13,3,0,0.8125,0.3274,0.0747,0.2527,GB,True,True
00-0023459,Aaron Rodgers,2005,17,2021,140,579,142.434,558,4,4,49,73,GB,16,13,3,0,0.8125,0.246,0.0381,0.2079,GB,True,True
00-0023459,Aaron Rodgers,2005,18,2022,160,592,-14.414,572,12,16,36,60,GB,17,8,9,0,0.4706,-0.0243,0.0156,-0.04,GB,True,True
00-0023459,Aaron Rodgers,2005,19,2023,1,2,-2.032,2,0,0,0,0,NYJ,1,1,0,0,1.0,-1.016,-0.0061,-1.0099,GB,False,False
00-0023459,Aaron Rodgers,2005,20,2024,162,641,3.764,624,11,13,35,55,NYJ,17,5,12,0,0.2941,0.0059,0.0474,-0.0415,GB,False,True
00-0023459,Aaron Rodgers,2005,21,2025,150,537,16.362,524,7,8,38,64,PIT,16,10,6,0,0.625,0.0305,0.0407,-0.0102,GB,False,True
00-0023436,Alex Smith,2005,1,2005,80,222,-100.694,194,11,14,5,14,SF,7,2,5,0,0.2857,-0.4536,-0.0023,-0.4512,SF,True,False
00-0023436,Alex Smith,2005,2,2006,168,506,-39.455,476,15,19,26,54,SF,16,7,9,0,0.4375,-0.078,-0.0207,-0.0573,SF,True,True
00-0023436,Alex Smith,2005,3,2007,69,217,-66.28,208,4,9,7,16,SF,7,2,5,0,0.2857,-0.3054,-0.002,-0.3035,SF,True,False
00-0023436,Alex Smith,2005,5,2009,118,407,-25.823,393,12,13,23,35,SF,10,5,5,0,0.5,-0.0634,0.009,-0.0725,SF,True,True
00-0023436,Alex Smith,2005,6,2010,107,376,-18.273,364,10,12,18,30,SF,10,3,7,0,0.3,-0.0486,0.0199,-0.0685,SF,True,True
00-0023436,Alex Smith,2005,7,2011,164,523,28.073,489,5,7,28,69,SF,16,13,3,0,0.8125,0.0537,0.0242,0.0294,SF,True,True
00-0023436,Alex Smith,2005,8,2012,77,264,38.636,242,5,6,18,32,SF,9,6,2,1,0.7222,0.1463,0.0372,0.1091,SF,True,True
00-0023436,Alex Smith,2005,9,2013,167,607,32.885,543,7,10,39,59,KC,15,11,4,0,0.7333,0.0542,0.0354,0.0188,SF,False,True
00-0023436,Alex Smith,2005,10,2014,145,552,52.469,509,6,7,35,56,KC,15,8,7,0,0.5333,0.0951,0.0272,0.0679,SF,False,True
00-0023436,Alex Smith,2005,11,2015,165,587,42.178,515,7,7,37,67,KC,16,11,5,0,0.6875,0.0719,0.0405,0.0314,SF,False,True
00-0023436,Alex Smith,2005,12,2016,141,548,48.167,516,8,12,30,54,KC,15,11,4,0,0.7333,0.0879,0.0511,0.0368,SF,False,True
00-0023436,Alex Smith,2005,13,2017,151,591,106.522,539,5,6,33,71,KC,15,9,6,0,0.6,0.1802,0.0029,0.1773,SF,False,True
00-0023436,Alex Smith,2005,14,2018,96,384,0.501,348,5,6,17,34,WAS,10,6,4,0,0.6,0.0013,0.0506,-0.0493,SF,False,True
00-0023436,Alex Smith,2005,16,2020,75,278,-38.685,274,8,8,14,29,WAS,6,5,1,0,0.8333,-0.1392,0.0747,-0.2138,SF,False,False
00-0023504,Andrew Walter,2005,2,2006,101,334,-125.97,321,13,22,5,19,LV,9,2,7,0,0.2222,-0.3772,-0.0207,-0.3564,LV,True,True
00-0023504,Andrew Walter,2005,3,2007,2,8,0.286,8,0,0,0,0,LV,0,0,0,0,,0.0358,-0.002,0.0377,LV,True,False
00-0023504,Andrew Walter,2005,4,2008,22,58,-28.899,53,3,3,0,2,LV,1,0,1,0,0.0,-0.4983,0.0152,-0.5135,LV,True,False
00-0023502,Charlie Frye,2005,1,2005,56,199,-36.543,185,6,9,5,13,CLE,5,2,3,0,0.4,-0.1836,-0.0023,-0.1813,CLE,True,False
00-0023502,Charlie Frye,2005,2,2006,140,473,-79.476,433,17,24,17,36,CLE,13,4,9,0,0.3077,-0.168,-0.0207,-0.1473,CLE,True,True
00-0023502,Charlie Frye,2005,3,2007,6,16,-14.14,15,1,1,0,0,CLE,1,0,1,0,0.0,-0.8838,-0.002,-0.8818,CLE,True,False
00-0023502,Charlie Frye,2005,4,2008,9,28,-9.205,26,2,2,2,3,SEA,1,0,1,0,0.0,-0.3287,0.0152,-0.344,CLE,False,False
00-0023502,Charlie Frye,2005,5,2009,26,96,-12.797,92,4,4,2,8,LV,3,1,2,0,0.3333,-0.1333,0.009,-0.1423,CLE,False,False
00-0023645,Derek Anderson,2005,2,2006,39,127,-23.739,124,8,9,5,7,CLE,3,0,3,0,0.0,-0.1869,-0.0207,-0.1662,CLE,True,False
00-0023645,Derek Anderson,2005,3,2007,166,551,32.968,534,19,21,40,65,CLE,15,10,5,0,0.6667,0.0598,-0.002,0.0618,CLE,True,True
00-0023645,Derek Anderson,2005,4,2008,92,318,-35.133,298,8,10,12,26,CLE,9,3,6,0,0.3333,-0.1105,0.0152,-0.1257,CLE,True,True
00-0023645,Derek Anderson,2005,5,2009,76,200,-82.506,192,10,13,5,15,CLE,7,3,4,0,0.4286,-0.4125,0.009,-0.4216,CLE,True,False
00-0023645,Derek Anderson,2005,6,2010,99,357,-64.234,352,10,13,10,21,ARI,9,2,7,0,0.2222,-0.1799,0.0199,-0.1998,CLE,False,True
00-0023645,Derek Anderson,2005,8,2012,2,4,0.894,4,0,0,1,1,CAR,0,0,0,0,,0.2235,0.0372,0.1863,CLE,False,False
00-0023645,Derek Anderson,2005,9,2013,1,1,-2.433,0,0,0,0,0,CAR,0,0,0,0,,-2.433,0.0354,-2.4684,CLE,False,False
00-0023645,Derek Anderson,2005,10,2014,24,107,26.638,100,0,0,5,10,CAR,2,2,0,0,1.0,0.249,0.0272,0.2218,CLE,False,False
00-0023645,Derek Anderson,2005,11,2015,6,9,-3.757,6,0,0,1,1,CAR,0,0,0,0,,-0.4174,0.0405,-0.4579,CLE,False,False
00-0023645,Derek Anderson,2005,12,2016,14,54,-6.493,53,5,6,4,4,CAR,1,0,1,0,0.0,-0.1202,0.0511,-0.1713,CLE,False,False
00-0023645,Derek Anderson,2005,13,2017,3,8,-4.194,8,0,0,0,1,CAR,0,0,0,0,,-0.5242,0.0029,-0.5272,CLE,False,False
00-0023645,Derek Anderson,2005,14,2018,22,75,-43.606,75,4,6,0,3,BUF,2,0,2,0,0.0,-0.5814,0.0506,-0.632,CLE,False,False
00-0023460,Jason Campbell,2005,2,2006,74,231,3.397,214,6,6,15,25,WAS,7,2,5,0,0.2857,0.0147,-0.0207,0.0354,WAS,True,False
00-0023460,Jason Campbell,2005,3,2007,134,466,10.077,433,11,19,20,40,WAS,13,6,7,0,0.4615,0.0216,-0.002,0.0236,WAS,True,True
00-0023460,Jason Campbell,2005,4,2008,167,573,-3.86,541,6,7,25,51,WAS,16,8,8,0,0.5,-0.0067,0.0152,-0.0219,WAS,True,True
00-0023460,Jason Campbell,2005,5,2009,156,585,6.113,547,15,18,28,46,WAS,16,4,12,0,0.25,0.0104,0.009,0.0014,WAS,True,True
00-0023460,Jason Campbell,2005,6,2010,132,396,16.242,359,8,9,25,50,LV,12,7,5,0,0.5833,0.041,0.0199,0.0212,WAS,False,True
00-0023460,Jason Campbell,2005,7,2011,63,184,14.92,169,4,5,15,26,LV,6,4,2,0,0.6667,0.0811,0.0242,0.0569,WAS,False,False
00-0023460,Jason Campbell,2005,8,2012,21,61,-12.179,57,2,2,2,3,CHI,1,0,1,0,0.0,-0.1997,0.0372,-0.2369,WAS,False,False
00-0023460,Jason Campbell,2005,9,2013,92,345,-21.789,332,8,10,13,23,CLE,8,1,7,0,0.125,-0.0632,0.0354,-0.0985,WAS,False,True
00-0023460,Jason Campbell,2005,10,2014,6,21,-10.632,20,0,1,0,0,CIN,0,0,0,0,,-0.5063,0.0272,-0.5335,WAS,False,False
00-0023541,Kyle Orton,2005,1,2005,155,411,-113.218,398,13,18,16,34,CHI,15,10,5,0,0.6667,-0.2755,-0.0023,-0.2731,CHI,True,True
00-0023541,Kyle Orton,2005,3,2007,33,85,-14.112,81,2,2,6,11,CHI,3,2,1,0,0.6667,-0.166,-0.002,-0.1641,CHI,True,False
00-0023541,Kyle Orton,2005,4,2008,167,507,-45.347,491,12,17,32,58,CHI,15,9,6,0,0.6,-0.0894,0.0152,-0.1047,CHI,True,True
00-0023541,Kyle Orton,2005,5,2009,169,589,25.978,569,12,14,29,59,DEN,15,8,7,0,0.5333,0.0441,0.009,0.0351,CHI,False,True
00-0023541,Kyle Orton,2005,6,2010,149,548,22.315,530,9,13,30,47,DEN,13,3,10,0,0.2308,0.0407,0.0199,0.0209,CHI,False,True
00-0023541,Kyle Orton,2005,7,2011,73,264,8.826,261,9,11,12,23,DEN,8,3,5,0,0.375,0.0334,0.0242,0.0092,CHI,False,True
00-0023541,Kyle Orton,2005,8,2012,1,10,6.398,10,0,0,1,1,DAL,0,0,0,0,,0.6398,0.0372,0.6026,CHI,False,False
00-0023541,Kyle Orton,2005,9,2013,13,52,2.943,51,2,2,3,6,DAL,1,0,1,0,0.0,0.0566,0.0354,0.0212,CHI,False,False
00-0023541,Kyle Orton,2005,10,2014,135,485,-7.939,478,10,13,23,46,BUF,12,7,5,0,0.5833,-0.0164,0.0272,-0.0436,CHI,False,True
00-0023662,Matt Cassel,2005,1,2005,9,29,0.073,24,1,1,2,4,NE,1,0,1,0,0.0,0.0025,-0.0023,0.0048,NE,True,False
00-0023662,Matt Cassel,2005,2,2006,5,12,-2.45,11,0,1,1,1,NE,0,0,0,0,,-0.2042,-0.0207,-0.1834,NE,True,False
00-0023662,Matt Cassel,2005,3,2007,4,9,-5.162,7,1,1,1,1,NE,0,0,0,0,,-0.5736,-0.002,-0.5716,NE,True,False
00-0023662,Matt Cassel,2005,4,2008,151,615,90.794,559,11,15,40,76,NE,15,10,5,0,0.6667,0.1476,0.0152,0.1324,NE,True,True
00-0023662,Matt Cassel,2005,5,2009,174,579,-107.772,532,16,19,22,46,KC,15,4,11,0,0.2667,-0.1861,0.009,-0.1952,NE,False,True
00-0023662,Matt Cassel,2005,6,2010,159,496,62.307,471,7,8,35,54,KC,15,10,5,0,0.6667,0.1256,0.0199,0.1058,NE,False,True
00-0023662,Matt Cassel,2005,7,2011,95,310,-20.988,290,9,11,13,23,KC,9,4,5,0,0.4444,-0.0677,0.0242,-0.0919,NE,False,True
00-0023662,Matt Cassel,2005,8,2012,95,314,-51.184,289,12,19,11,29,KC,8,1,7,0,0.125,-0.163,0.0372,-0.2002,NE,False,True
00-0023662,Matt Cassel,2005,9,2013,82,283,-12.082,270,9,10,19,31,MIN,6,3,3,0,0.5,-0.0427,0.0354,-0.0781,NE,False,False
00-0023662,Matt Cassel,2005,10,2014,22,82,-17.492,77,4,4,3,6,MIN,3,1,2,0,0.3333,-0.2133,0.0272,-0.2405,NE,False,False
00-0023662,Matt Cassel,2005,11,2015,66,230,-39.184,216,7,7,6,21,DAL,7,1,6,0,0.1429,-0.1704,0.0405,-0.2109,NE,False,False
00-0023662,Matt Cassel,2005,12,2016,15,56,-12.617,54,2,2,3,4,TEN,1,1,0,0,1.0,-0.2253,0.0511,-0.2764,NE,False,False
00-0023662,Matt Cassel,2005,13,2017,20,50,-38.206,50,2,4,1,2,TEN,1,0,1,0,0.0,-0.7641,0.0029,-0.7671,NE,False,False
00-0023662,Matt Cassel,2005,14,2018,4,19,-13.615,18,1,1,0,0,DET,0,0,0,0,,-0.7166,0.0506,-0.7672,NE,False,False
00-0023682,Ryan Fitzpatrick,2005,1,2005,48,158,-18.993,144,8,9,7,14,LA,3,0,3,0,0.0,-0.1202,-0.0023,-0.1179,LA,True,False
00-0023682,Ryan Fitzpatrick,2005,2,2006,1,1,1.259,0,0,0,0,0,LA,0,0,0,0,,1.259,-0.0207,1.2797,LA,True,False
00-0023682,Ryan Fitzpatrick,2005,4,2008,122,458,-64.591,408,9,14,11,26,CIN,12,4,7,1,0.375,-0.141,0.0152,-0.1562,LA,False,True
00-0023682,Ryan Fitzpatrick,2005,5,2009,97,274,-39.286,248,10,12,12,30,BUF,8,4,4,0,0.5,-0.1434,0.009,-0.1524,LA,False,True
00-0023682,Ryan Fitzpatrick,2005,6,2010,135,502,-7.984,464,15,20,27,42,BUF,13,4,9,0,0.3077,-0.0159,0.0199,-0.0358,LA,False,True
00-0023682,Ryan Fitzpatrick,2005,7,2011,174,636,-10.163,587,23,25,34,57,BUF,16,6,10,0,0.375,-0.016,0.0242,-0.0402,LA,False,True
00-0023682,Ryan Fitzpatrick,2005,8,2012,168,572,-5.417,533,16,22,36,57,BUF,16,6,10,0,0.375,-0.0095,0.0372,-0.0467,LA,False,True
00-0023682,Ryan Fitzpatrick,2005,9,2013,104,404,47.951,368,12,14,23,40,TEN,9,3,6,0,0.3333,0.1187,0.0354,0.0833,LA,False,True
00-0023682,Ryan Fitzpatrick,2005,10,2014,122,371,29.058,332,8,9,28,45,HOU,12,6,6,0,0.5,0.0783,0.0272,0.0511,LA,False,True
00-0023682,Ryan Fitzpatrick,2005,11,2015,172,628,75.881,581,15,17,41,66,NYJ,16,10,6,0,0.625,0.1208,0.0405,0.0803,LA,False,True
00-0023682,Ryan Fitzpatrick,2005,12,2016,126,449,-28.846,422,17,18,21,44,NYJ,11,3,8,0,0.2727,-0.0642,0.0511,-0.1153,LA,False,True
00-0023682,Ryan Fitzpatrick,2005,13,2017,46,182,8.919,170,3,3,10,18,TB,3,2,1,0,0.6667,0.049,0.0029,0.0461,LA,False,False
00-0023682,Ryan Fitzpatrick,2005,14,2018,72,290,44.349,260,12,13,19,26,TB,7,2,5,0,0.2857,0.1529,0.0506,0.1024,LA,False,False
00-0023682,Ryan Fitzpatrick,2005,15,2019,141,584,10.271,539,13,15,31,50,MIA,13,5,8,0,0.3846,0.0176,0.0352,-0.0176,LA,False,True
00-0023682,Ryan Fitzpatrick,2005,16,2020,74,304,59.295,280,8,8,19,37,MIA,7,4,3,0,0.5714,0.195,0.0747,0.1204,LA,False,False
00-0023682,Ryan Fitzpatrick,2005,17,2021,4,8,-5.47,7,0,0,0,2,WAS,1,0,1,0,0.0,-0.6838,0.0381,-0.7219,LA,False,False
00-0024408,Bruce Gradkowski,2006,1,2006,116,388,-93.291,351,9,15,11,22,TB,11,3,8,0,0.2727,-0.2404,-0.0207,-0.2197,TB,True,True
00-0024408,Bruce Gradkowski,2006,2,2007,11,27,-9.332,25,1,1,0,4,TB,0,0,0,0,,-0.3456,-0.002,-0.3437,TB,True,False
00-0024408,Bruce Gradkowski,2006,3,2008,12,26,-31.623,25,3,3,0,0,CLE,1,0,1,0,0.0,-1.2163,0.0152,-1.2315,TB,False,False
00-0024408,Bruce Gradkowski,2006,4,2009,51,174,-1.771,158,3,6,8,13,LV,4,2,2,0,0.5,-0.0102,0.009,-0.0192,TB,False,False
00-0024408,Bruce Gradkowski,2006,5,2010,53,177,-21.873,168,7,8,7,15,LV,4,1,3,0,0.25,-0.1236,0.0199,-0.1434,TB,False,False
00-0024408,Bruce Gradkowski,2006,6,2011,7,20,-2.469,19,1,1,1,1,CIN,0,0,0,0,,-0.1234,0.0242,-0.1477,TB,False,False
00-0024408,Bruce Gradkowski,2006,7,2012,6,13,-5.568,11,0,0,0,3,CIN,0,0,0,0,,-0.4283,0.0372,-0.4655,TB,False,False
00-0024226,Jay Cutler,2006,1,2006,59,160,-24.229,150,5,7,12,23,DEN,5,2,3,0,0.4,-0.1514,-0.0207,-0.1307,DEN,True,False
00-0024226,Jay Cutler,2006,2,2007,152,525,45.982,491,14,18,29,55,DEN,16,7,9,0,0.4375,0.0876,-0.002,0.0895,DEN,True,True
00-0024226,Jay Cutler,2006,3,2008,158,665,105.596,623,18,20,40,65,DEN,16,8,8,0,0.5,0.1588,0.0152,0.1436,DEN,True,True
00-0024226,Jay Cutler,2006,4,2009,174,616,-44.997,584,26,27,33,56,CHI,16,7,9,0,0.4375,-0.073,0.009,-0.0821,DEN,False,True
00-0024226,Jay Cutler,2006,5,2010,159,516,-17.06,484,16,22,31,52,CHI,15,10,5,0,0.6667,-0.0331,0.0199,-0.0529,DEN,False,True
00-0024226,Jay Cutler,2006,6,2011,109,351,-9.329,337,7,10,21,42,CHI,10,7,3,0,0.7,-0.0266,0.0242,-0.0508,DEN,False,True
00-0024226,Jay Cutler,2006,7,2012,156,497,-7.216,472,14,18,28,53,CHI,15,10,5,0,0.6667,-0.0145,0.0372,-0.0517,DEN,False,True
00-0024226,Jay Cutler,2006,8,2013,109,385,10.925,370,12,15,25,40,CHI,11,5,6,0,0.4545,0.0284,0.0354,-0.007,DEN,False,True
00-0024226,Jay Cutler,2006,9,2014,151,625,-35.43,599,18,24,34,46,CHI,15,5,10,0,0.3333,-0.0567,0.0272,-0.0839,DEN,False,True
00-0024226,Jay Cutler,2006,10,2015,147,542,35.44,511,11,16,32,62,CHI,15,6,9,0,0.4,0.0654,0.0405,0.0249,DEN,False,True
00-0024226,Jay Cutler,2006,11,2016,54,159,-30.523,154,5,7,8,12,CHI,5,1,4,0,0.2,-0.192,0.0511,-0.243,DEN,False,False
00-0024226,Jay Cutler,2006,12,2017,132,460,-45.568,449,14,14,22,38,MIA,13,6,7,0,0.4615,-0.0991,0.0029,-0.102,DEN,False,True
00-0024264,Kellen Clemens,2006,1,2006,2,7,-6.767,5,0,1,0,0,NYJ,0,0,0,0,,-0.9667,-0.0207,-0.946,NYJ,True,False
00-0024264,Kellen Clemens,2006,2,2007,82,299,-46.336,273,10,11,9,26,NYJ,7,3,4,0,0.4286,-0.155,-0.002,-0.153,NYJ,True,False
00-0024264,Kellen Clemens,2006,3,2008,1,5,-2.034,5,1,1,0,0,NYJ,0,0,0,0,,-0.4068,0.0152,-0.422,NYJ,True,False
00-0024264,Kellen Clemens,2006,4,2009,14,34,-10.74,29,0,0,0,4,NYJ,1,1,0,0,1.0,-0.3159,0.009,-0.3249,NYJ,True,False
00-0024264,Kellen Clemens,2006,5,2010,2,3,2.738,2,0,0,2,2,NYJ,0,0,0,0,,0.9127,0.0199,0.8928,NYJ,True,False
00-0024264,Kellen Clemens,2006,6,2011,35,106,-15.204,100,1,1,3,7,LA,3,0,3,0,0.0,-0.1434,0.0242,-0.1677,NYJ,False,False
00-0024264,Kellen Clemens,2006,7,2012,2,5,-3.932,3,1,1,1,1,LA,0,0,0,0,,-0.7864,0.0372,-0.8236,NYJ,False,False
00-0024264,Kellen Clemens,2006,8,2013,91,278,-24.464,262,7,11,15,30,LA,9,4,5,0,0.4444,-0.088,0.0354,-0.1234,NYJ,False,True
00-0024264,Kellen Clemens,2006,9,2014,2,4,-3.405,4,0,0,0,0,LAC,0,0,0,0,,-0.8512,0.0272,-0.8784,NYJ,False,False
00-0024264,Kellen Clemens,2006,10,2015,1,6,7.165,6,0,0,1,1,LAC,0,0,0,0,,1.1942,0.0405,1.1537,NYJ,False,False
00-0024264,Kellen Clemens,2006,11,2016,2,3,-2.997,1,0,0,0,0,LAC,0,0,0,0,,-0.999,0.0511,-1.0501,NYJ,False,False
00-0024264,Kellen Clemens,2006,12,2017,5,8,-9.741,8,1,1,1,1,LAC,0,0,0,0,,-1.2176,0.0029,-1.2206,NYJ,False,False
00-0024225,Matt Leinart,2006,1,2006,113,408,-5.756,389,12,14,19,38,ARI,11,4,7,0,0.3636,-0.0141,-0.0207,0.0066,ARI,True,True
00-0024225,Matt Leinart,2006,2,2007,36,126,-7.62,116,4,4,5,10,ARI,5,3,2,0,0.6,-0.0605,-0.002,-0.0585,ARI,True,False
00-0024225,Matt Leinart,2006,3,2008,9,32,-2.558,31,1,2,1,3,ARI,0,0,0,0,,-0.0799,0.0152,-0.0951,ARI,True,False
00-0024225,Matt Leinart,2006,4,2009,24,81,-18.036,79,3,3,1,2,ARI,1,0,1,0,0.0,-0.2227,0.009,-0.2317,ARI,True,False
00-0024225,Matt Leinart,2006,6,2011,8,13,-2.611,13,0,0,2,4,HOU,1,1,0,0,1.0,-0.2008,0.0242,-0.2251,ARI,False,False
00-0024225,Matt Leinart,2006,7,2012,10,34,-10.824,34,1,1,0,2,LV,0,0,0,0,,-0.3184,0.0372,-0.3556,ARI,False,False
00-0024279,Tarvaris Jackson,2006,1,2006,28,103,-28.331,87,4,5,4,4,MIN,2,0,2,0,0.0,-0.2751,-0.0207,-0.2543,MIN,True,False
00-0024279,Tarvaris Jackson,2006,2,2007,121,349,-10.825,306,12,15,24,37,MIN,12,8,4,0,0.6667,-0.031,-0.002,-0.0291,MIN,True,True
00-0024279,Tarvaris Jackson,2006,3,2008,56,184,4.732,162,2,5,12,23,MIN,5,2,3,0,0.4,0.0257,0.0152,0.0105,MIN,True,False
00-0024279,Tarvaris Jackson,2006,4,2009,10,22,13.781,21,0,0,2,3,MIN,0,0,0,0,,0.6264,0.009,0.6174,MIN,True,False
00-0024279,Tarvaris Jackson,2006,5,2010,24,71,-15.126,64,4,4,5,7,MIN,1,0,1,0,0.0,-0.213,0.0199,-0.2329,MIN,True,False
00-0024279,Tarvaris Jackson,2006,6,2011,162,523,-23.76,490,13,18,24,45,SEA,14,7,7,0,0.5,-0.0454,0.0242,-0.0697,MIN,False,True
00-0024279,Tarvaris Jackson,2006,8,2013,6,14,9.175,13,0,0,2,3,SEA,0,0,0,0,,0.6554,0.0354,0.62,MIN,False,False
00-0024279,Tarvaris Jackson,2006,9,2014,1,1,-0.542,1,0,0,0,0,SEA,0,0,0,0,,-0.542,0.0272,-0.5692,MIN,False,False
00-0024279,Tarvaris Jackson,2006,10,2015,3,7,1.36,7,0,0,0,0,SEA,0,0,0,0,,0.1943,0.0405,0.1538,MIN,False,False
00-0024218,Vince Young,2006,1,2006,144,455,-29.719,378,13,16,24,44,TEN,13,8,5,0,0.6154,-0.0653,-0.0207,-0.0446,TEN,True,True
00-0024218,Vince Young,2006,2,2007,148,484,-15.807,406,17,20,20,45,TEN,15,9,6,0,0.6,-0.0327,-0.002,-0.0307,TEN,True,True
00-0024218,Vince Young,2006,3,2008,18,45,-10.91,39,2,2,2,4,TEN,2,1,1,0,0.5,-0.2424,0.0152,-0.2577,TEN,True,False
00-0024218,Vince Young,2006,4,2009,90,314,32.534,267,7,9,22,38,TEN,10,8,2,0,0.8,0.1036,0.009,0.0946,TEN,True,True
00-0024218,Vince Young,2006,5,2010,67,187,21.025,169,3,7,15,26,TEN,8,4,4,0,0.5,0.1124,0.0199,0.0926,TEN,True,True
00-0024218,Vince Young,2006,6,2011,37,137,-4.654,122,9,9,6,9,PHI,3,1,2,0,0.3333,-0.034,0.0242,-0.0582,TEN,False,False
00-0025409,Brady Quinn,2007,1,2007,1,8,0.588,8,0,0,0,1,CLE,0,0,0,0,,0.0735,-0.002,0.0755,CLE,True,False
00-0025409,Brady Quinn,2007,2,2008,28,93,-9.386,90,2,2,5,15,CLE,3,1,2,0,0.3333,-0.1009,0.0152,-0.1161,CLE,True,False
00-0025409,Brady Quinn,2007,3,2009,89,292,-42.801,275,7,10,12,23,CLE,9,2,7,0,0.2222,-0.1466,0.009,-0.1556,CLE,True,True
00-0025409,Brady Quinn,2007,6,2012,78,234,-79.916,218,8,8,3,13,KC,8,1,7,0,0.125,-0.3415,0.0372,-0.3787,CLE,False,True
00-0025388,JaMarcus Russell,2007,1,2007,30,77,-26.312,72,4,6,3,5,LV,1,0,1,0,0.0,-0.3417,-0.002,-0.3398,LV,True,False
00-0025388,JaMarcus Russell,2007,2,2008,144,412,-51.514,396,8,15,17,38,LV,15,5,10,0,0.3333,-0.125,0.0152,-0.1402,LV,True,True
00-0025388,JaMarcus Russell,2007,3,2009,109,291,-117.566,278,11,17,7,22,LV,9,2,7,0,0.2222,-0.404,0.009,-0.413,LV,True,True
00-0025423,Kevin Kolb,2007,1,2007,1,2,-5.057,2,0,1,0,0,PHI,0,0,0,0,,-2.5285,-0.002,-2.5265,PHI,True,False
00-0025423,Kevin Kolb,2007,2,2008,12,37,-32.154,34,4,4,0,0,PHI,0,0,0,0,,-0.869,0.0152,-0.8842,PHI,True,False
00-0025423,Kevin Kolb,2007,3,2009,28,103,-2.291,100,3,4,6,10,PHI,2,1,1,0,0.5,-0.0222,0.009,-0.0313,PHI,True,False
00-0025423,Kevin Kolb,2007,4,2010,62,212,-14.324,200,7,10,9,21,PHI,5,2,3,0,0.4,-0.0676,0.0199,-0.0874,PHI,True,False
00-0025423,Kevin Kolb,2007,5,2011,87,295,-12.396,282,8,11,16,24,ARI,9,3,6,0,0.3333,-0.042,0.0242,-0.0663,PHI,False,True
00-0025423,Kevin Kolb,2007,6,2012,60,222,-13.825,210,3,5,9,18,ARI,5,3,2,0,0.6,-0.0623,0.0372,-0.0995,PHI,False,False
00-0025708,Matt Moore,2007,1,2007,35,120,-4.195,117,5,5,5,11,CAR,3,2,1,0,0.6667,-0.035,-0.002,-0.033,CAR,True,False
00-0025708,Matt Moore,2007,3,2009,53,150,18.064,147,2,2,11,17,CAR,5,4,1,0,0.8,0.1204,0.009,0.1114,CAR,True,False
00-0025708,Matt Moore,2007,4,2010,50,160,-40.279,155,10,12,5,13,CAR,5,1,4,0,0.2,-0.2517,0.0199,-0.2716,CAR,True,False
00-0025708,Matt Moore,2007,5,2011,135,405,-18.558,383,9,15,23,48,MIA,12,6,6,0,0.5,-0.0458,0.0242,-0.0701,CAR,False,True
00-0025708,Matt Moore,2007,6,2012,10,22,1.867,21,0,0,2,4,MIA,0,0,0,0,,0.0849,0.0372,0.0477,CAR,False,False
00-0025708,Matt Moore,2007,7,2013,2,6,-2.108,6,2,2,0,0,MIA,0,0,0,0,,-0.3513,0.0354,-0.3867,CAR,False,False
00-0025708,Matt Moore,2007,8,2014,3,6,-2.467,4,0,0,0,0,MIA,0,0,0,0,,-0.4112,0.0272,-0.4384,CAR,False,False
00-0025708,Matt Moore,2007,9,2015,1,1,1.99,1,0,0,0,0,MIA,0,0,0,0,,1.99,0.0405,1.9495,CAR,False,False
00-0025708,Matt Moore,2007,10,2016,33,87,21.56,87,3,3,9,11,MIA,3,2,1,0,0.6667,0.2478,0.0511,0.1967,CAR,False,False
00-0025708,Matt Moore,2007,11,2017,36,141,-21.205,138,5,5,4,7,MIA,2,0,2,0,0.0,-0.1504,0.0029,-0.1533,CAR,False,False
00-0025708,Matt Moore,2007,13,2019,27,99,6.299,98,0,0,6,14,KC,2,1,1,0,0.5,0.0636,0.0352,0.0285,CAR,False,False
00-0025479,Trent Edwards,2007,1,2007,96,290,-45.854,279,8,8,10,26,BUF,9,5,4,0,0.5556,-0.1581,-0.002,-0.1562,BUF,True,True
00-0025479,Trent Edwards,2007,2,2008,125,422,11.813,396,10,15,25,49,BUF,14,7,7,0,0.5,0.028,0.0152,0.0128,BUF,True,True
00-0025479,Trent Edwards,2007,3,2009,67,219,-24.574,205,7,7,8,16,BUF,7,2,5,0,0.2857,-0.1122,0.009,-0.1212,BUF,True,False
00-0025479,Trent Edwards,2007,4,2010,36,126,-40.005,112,5,5,3,6,BUF,3,0,3,0,0.0,-0.3175,0.0199,-0.3374,BUF,True,False
00-0025479,Trent Edwards,2007,6,2012,1,2,0.014,2,0,0,0,0,PHI,0,0,0,0,,0.007,0.0372,-0.0302,BUF,False,False
00-0025604,Tyler Thigpen,2007,1,2007,2,7,-5.099,7,1,1,0,0,KC,0,0,0,0,,-0.7284,-0.002,-0.7265,KC,True,False
00-0025604,Tyler Thigpen,2007,2,2008,127,499,-5.906,442,12,14,27,38,KC,11,1,10,0,0.0909,-0.0118,0.0152,-0.027,KC,True,True
00-0025604,Tyler Thigpen,2007,3,2009,5,10,-1.0,8,2,2,2,2,MIA,0,0,0,0,,-0.1,0.009,-0.109,KC,False,False
00-0025604,Tyler Thigpen,2007,4,2010,22,82,-12.208,70,2,2,2,4,MIA,1,0,1,0,0.0,-0.1489,0.0199,-0.1687,KC,False,False
00-0025604,Tyler Thigpen,2007,5,2011,3,9,-5.232,8,1,1,0,0,BUF,0,0,0,0,,-0.5813,0.0242,-0.6056,KC,False,False
00-0025604,Tyler Thigpen,2007,6,2012,1,5,-0.125,5,0,0,0,0,BUF,0,0,0,0,,-0.025,0.0372,-0.0622,KC,False,False
00-0026197,Chad Henne,2008,1,2008,1,12,3.131,12,0,0,1,1,MIA,0,0,0,0,,0.2609,0.0152,0.2457,MIA,True,False
00-0026197,Chad Henne,2008,2,2009,137,485,10.943,474,14,14,27,48,MIA,13,7,6,0,0.5385,0.0226,0.009,0.0135,MIA,True,True
00-0026197,Chad Henne,2008,3,2010,149,544,-17.551,519,18,20,22,50,MIA,14,6,8,0,0.4286,-0.0323,0.0199,-0.0521,MIA,True,True
00-0026197,Chad Henne,2008,4,2011,34,137,17.126,123,4,4,6,12,MIA,4,0,4,0,0.0,0.125,0.0242,0.1008,MIA,True,False
00-0026197,Chad Henne,2008,5,2012,97,349,-51.829,333,11,13,14,26,JAX,6,1,5,0,0.1667,-0.1485,0.0372,-0.1857,MIA,False,False
00-0026197,Chad Henne,2008,6,2013,149,565,-51.605,540,14,14,20,39,JAX,13,4,9,0,0.3077,-0.0913,0.0354,-0.1267,MIA,False,True
00-0026197,Chad Henne,2008,7,2014,31,98,-38.136,94,1,2,3,5,JAX,3,0,3,0,0.0,-0.3891,0.0272,-0.4163,MIA,False,False
00-0026197,Chad Henne,2008,10,2017,1,2,-2.142,2,0,0,0,0,JAX,0,0,0,0,,-1.071,0.0029,-1.0739,MIA,False,False
00-0026197,Chad Henne,2008,11,2018,1,4,0.046,3,0,0,0,0,KC,0,0,0,0,,0.0115,0.0506,-0.0391,MIA,False,False
00-0026197,Chad Henne,2008,13,2020,10,44,12.367,40,0,0,4,4,KC,1,0,1,0,0.0,0.2811,0.0747,0.2064,MIA,False,False
00-0026197,Chad Henne,2008,14,2021,2,19,-1.724,16,0,0,0,1,KC,0,0,0,0,,-0.0907,0.0381,-0.1288,MIA,False,False
00-0026197,Chad Henne,2008,15,2022,1,2,-1.892,2,0,0,0,0,KC,0,0,0,0,,-0.946,0.0156,-0.9616,MIA,False,False
00-0026158,Joe Flacco,2008,1,2008,171,494,-11.372,460,12,14,30,58,BAL,16,11,5,0,0.6875,-0.023,0.0152,-0.0382,BAL,True,True
00-0026158,Joe Flacco,2008,2,2009,162,563,47.181,534,12,14,38,58,BAL,16,9,7,0,0.5625,0.0838,0.009,0.0748,BAL,True,True
00-0026158,Joe Flacco,2008,3,2010,168,554,37.54,529,10,14,36,59,BAL,16,12,4,0,0.75,0.0678,0.0199,0.0479,BAL,True,True
00-0026158,Joe Flacco,2008,4,2011,164,592,41.847,573,12,18,33,61,BAL,16,12,4,0,0.75,0.0707,0.0242,0.0465,BAL,True,True
00-0026158,Joe Flacco,2008,5,2012,166,587,9.788,566,10,14,36,63,BAL,15,10,5,0,0.6667,0.0167,0.0372,-0.0205,BAL,True,True
00-0026158,Joe Flacco,2008,6,2013,190,680,-13.653,661,22,24,25,62,BAL,16,8,8,0,0.5,-0.0201,0.0354,-0.0554,BAL,True,True
00-0026158,Joe Flacco,2008,7,2014,164,592,67.569,567,12,12,42,69,BAL,16,10,6,0,0.625,0.1141,0.0272,0.0869,BAL,True,True
00-0026158,Joe Flacco,2008,8,2015,117,437,-1.52,425,12,14,21,43,BAL,10,3,7,0,0.3,-0.0035,0.0405,-0.044,BAL,True,True
00-0026158,Joe Flacco,2008,9,2016,180,712,-29.172,698,15,18,29,67,BAL,16,8,8,0,0.5,-0.041,0.0511,-0.092,BAL,True,True
00-0026158,Joe Flacco,2008,10,2017,167,585,-54.843,573,13,13,30,63,BAL,16,9,7,0,0.5625,-0.0937,0.0029,-0.0967,BAL,True,True
00-0026158,Joe Flacco,2008,11,2018,94,405,21.206,392,6,7,21,36,BAL,9,4,5,0,0.4444,0.0524,0.0506,0.0018,BAL,True,True
00-0026158,Joe Flacco,2008,12,2019,85,295,-25.626,287,5,8,12,25,DEN,8,2,6,0,0.25,-0.0869,0.0352,-0.122,BAL,False,True
00-0026158,Joe Flacco,2008,13,2020,43,147,-9.398,141,3,3,7,10,NYJ,4,0,4,0,0.0,-0.0639,0.0747,-0.1386,BAL,False,False
00-0026158,Joe Flacco,2008,14,2021,11,46,6.462,44,0,1,3,4,NYJ,1,0,1,0,0.0,0.1405,0.0381,0.1024,BAL,False,False
00-0026158,Joe Flacco,2008,15,2022,46,203,-29.949,201,3,7,5,13,NYJ,4,1,3,0,0.25,-0.1475,0.0156,-0.1632,BAL,False,False
00-0026158,Joe Flacco,2008,16,2023,65,217,-10.671,212,8,9,17,22,CLE,5,4,1,0,0.8,-0.0492,-0.0061,-0.0431,BAL,False,False
00-0026158,Joe Flacco,2008,17,2024,75,272,-1.833,266,7,11,16,32,IND,6,2,4,0,0.3333,-0.0067,0.0474,-0.0541,BAL,False,False
00-0026158,Joe Flacco,2008,18,2025,104,442,-43.699,430,10,13,21,38,CIN,10,2,8,0,0.2,-0.0989,0.0407,-0.1396,BAL,False,True
00-0026143,Matt Ryan,2008,1,2008,154,485,62.189,449,11,12,38,67,ATL,16,11,5,0,0.6875,0.1282,0.0152,0.113,ATL,True,True
00-0026143,Matt Ryan,2008,2,2009,131,484,49.978,465,14,16,35,49,ATL,14,9,5,0,0.6429,0.1033,0.009,0.0942,ATL,True,True
00-0026143,Matt Ryan,2008,3,2010,160,623,87.189,593,9,12,40,68,ATL,16,13,3,0,0.8125,0.14,0.0199,0.1201,ATL,True,True
00-0026143,Matt Ryan,2008,4,2011,164,607,86.42,586,12,15,39,65,ATL,16,10,6,0,0.625,0.1424,0.0242,0.1181,ATL,True,True
00-0026143,Matt Ryan,2008,5,2012,159,666,143.446,643,14,16,40,72,ATL,16,13,3,0,0.8125,0.2154,0.0372,0.1782,ATL,True,True
00-0026143,Matt Ryan,2008,6,2013,171,704,21.445,694,17,21,35,59,ATL,16,4,12,0,0.25,0.0305,0.0354,-0.0049,ATL,True,True
00-0026143,Matt Ryan,2008,7,2014,162,679,55.591,654,14,16,37,64,ATL,16,6,10,0,0.375,0.0819,0.0272,0.0547,ATL,True,True
00-0026143,Matt Ryan,2008,8,2015,153,666,46.276,644,16,21,35,58,ATL,16,8,8,0,0.5,0.0695,0.0405,0.029,ATL,True,True
00-0026143,Matt Ryan,2008,9,2016,160,595,181.835,571,7,9,57,90,ATL,16,11,5,0,0.6875,0.3056,0.0511,0.2545,ATL,True,True
00-0026143,Matt Ryan,2008,10,2017,152,572,75.736,550,12,15,34,67,ATL,16,10,6,0,0.625,0.1324,0.0029,0.1295,ATL,True,True
00-0026143,Matt Ryan,2008,11,2018,161,675,114.256,649,7,12,47,72,ATL,16,7,9,0,0.4375,0.1693,0.0506,0.1187,ATL,True,True
00-0026143,Matt Ryan,2008,12,2019,151,688,34.286,663,14,19,35,64,ATL,15,7,8,0,0.4667,0.0498,0.0352,0.0147,ATL,True,True
00-0026143,Matt Ryan,2008,13,2020,165,687,63.707,666,11,14,40,77,ATL,16,4,12,0,0.25,0.0927,0.0747,0.018,ATL,True,True
00-0026143,Matt Ryan,2008,14,2021,162,629,-26.32,599,12,16,31,58,ATL,17,7,10,0,0.4118,-0.0418,0.0381,-0.08,ATL,True,True
00-0026143,Matt Ryan,2008,15,2022,131,519,-51.184,498,13,18,19,44,IND,11,4,6,1,0.4091,-0.0986,0.0156,-0.1143,ATL,False,True
00-0026625,Brian Hoyer,2009,1,2009,8,34,-1.554,29,0,0,1,2,NE,0,0,0,0,,-0.0457,0.009,-0.0547,NE,True,False
00-0026625,Brian Hoyer,2009,2,2010,6,16,4.315,15,1,1,1,1,NE,0,0,0,0,,0.2697,0.0199,0.2498,NE,True,False
00-0026625,Brian Hoyer,2009,3,2011,1,1,-0.578,1,0,0,0,0,NE,0,0,0,0,,-0.578,0.0242,-0.6022,NE,True,False
00-0026625,Brian Hoyer,2009,4,2012,17,58,-13.422,57,2,2,1,3,ARI,1,0,1,0,0.0,-0.2314,0.0372,-0.2686,NE,False,False
00-0026625,Brian Hoyer,2009,5,2013,26,105,-0.703,102,3,3,6,8,CLE,3,3,0,0,1.0,-0.0067,0.0354,-0.0421,NE,False,False
00-0026625,Brian Hoyer,2009,6,2014,151,481,-11.501,461,13,14,24,47,CLE,13,7,6,0,0.5385,-0.0239,0.0272,-0.0511,NE,False,True
00-0026625,Brian Hoyer,2009,7,2015,109,400,12.469,394,7,9,23,36,HOU,9,5,4,0,0.5556,0.0312,0.0405,-0.0093,NE,False,True
00-0026625,Brian Hoyer,2009,8,2016,46,205,24.245,202,0,1,7,15,CHI,5,1,4,0,0.2,0.1183,0.0511,0.0672,NE,False,False
00-0026625,Brian Hoyer,2009,9,2017,64,232,-29.188,227,4,5,7,21,SF,6,0,6,0,0.0,-0.1258,0.0029,-0.1288,NE,False,False
00-0026625,Brian Hoyer,2009,10,2018,3,3,-2.25,2,0,0,0,0,NE,0,0,0,0,,-0.75,0.0506,-0.8006,NE,True,False
00-0026625,Brian Hoyer,2009,11,2019,21,72,-30.045,70,4,5,4,6,IND,1,0,1,0,0.0,-0.4173,0.0352,-0.4524,NE,False,False
00-0026625,Brian Hoyer,2009,12,2020,7,27,-7.545,26,1,2,0,1,NE,1,0,1,0,0.0,-0.2794,0.0747,-0.3541,NE,True,False
00-0026625,Brian Hoyer,2009,13,2021,4,12,19.436,11,0,0,3,3,NE,0,0,0,0,,1.6197,0.0381,1.5816,NE,True,False
00-0026625,Brian Hoyer,2009,14,2022,2,7,-2.127,7,0,0,0,1,NE,1,0,1,0,0.0,-0.3039,0.0156,-0.3195,NE,True,False
00-0026625,Brian Hoyer,2009,15,2023,10,43,-8.781,43,2,2,0,4,LV,1,0,1,0,0.0,-0.2042,-0.0061,-0.1981,NE,False,False
00-0026993,Josh Freeman,2009,1,2009,110,335,-56.778,307,18,20,12,26,TB,9,3,6,0,0.3333,-0.1695,0.009,-0.1785,TB,True,True
00-0026993,Josh Freeman,2009,2,2010,150,560,86.478,502,6,9,33,56,TB,16,10,6,0,0.625,0.1544,0.0199,0.1346,TB,True,True
00-0026993,Josh Freeman,2009,3,2011,160,619,-50.272,574,22,28,25,47,TB,15,4,11,0,0.2667,-0.0812,0.0242,-0.1054,TB,True,True
00-0026993,Josh Freeman,2009,4,2012,175,612,28.066,582,17,19,35,63,TB,16,7,9,0,0.4375,0.0459,0.0372,0.0087,TB,True,True
00-0026993,Josh Freeman,2009,5,2013,45,160,-36.343,155,4,5,2,4,TB,4,0,4,0,0.0,-0.2271,0.0354,-0.2625,TB,True,False
00-0026993,Josh Freeman,2009,7,2015,9,34,-3.302,29,1,1,1,4,IND,1,1,0,0,1.0,-0.0971,0.0405,-0.1376,TB,False,False
00-0026898,Mark Sanchez,2009,1,2009,162,415,-63.911,387,20,23,30,54,NYJ,15,8,7,0,0.5333,-0.154,0.009,-0.163,NYJ,True,True
00-0026898,Mark Sanchez,2009,2,2010,173,552,-7.332,529,13,14,29,58,NYJ,15,10,5,0,0.6667,-0.0133,0.0199,-0.0331,NYJ,True,True
00-0026898,Mark Sanchez,2009,3,2011,184,609,-74.567,579,18,26,38,57,NYJ,16,8,8,0,0.5,-0.1224,0.0242,-0.1467,NYJ,True,True
00-0026898,Mark Sanchez,2009,4,2012,162,502,-97.13,485,18,26,21,41,NYJ,15,6,9,0,0.4,-0.1935,0.0372,-0.2307,NYJ,True,True
00-0026898,Mark Sanchez,2009,6,2014,99,355,18.266,332,11,14,24,42,PHI,8,4,4,0,0.5,0.0515,0.0272,0.0243,NYJ,False,True
00-0026898,Mark Sanchez,2009,7,2015,28,105,-11.448,100,4,5,4,6,PHI,2,0,2,0,0.0,-0.109,0.0405,-0.1495,NYJ,False,False
00-0026898,Mark Sanchez,2009,8,2016,9,22,-12.454,21,2,2,0,1,DAL,1,0,1,0,0.0,-0.5661,0.0511,-0.6172,NYJ,False,False
00-0026898,Mark Sanchez,2009,10,2018,17,43,-30.097,42,3,3,0,1,WAS,1,0,1,0,0.0,-0.6999,0.0506,-0.7505,NYJ,False,False
00-0026498,Matthew Stafford,2009,1,2009,113,412,-73.707,393,20,21,19,31,DET,10,2,8,0,0.2,-0.1789,0.009,-0.1879,DET,True,True
00-0026498,Matthew Stafford,2009,2,2010,32,104,-4.877,100,1,2,9,9,DET,3,1,2,0,0.3333,-0.0469,0.0199,-0.0668,DET,True,False
00-0026498,Matthew Stafford,2009,3,2011,181,728,84.257,711,16,17,47,70,DET,16,10,6,0,0.625,0.1157,0.0242,0.0915,DET,True,True
00-0026498,Matthew Stafford,2009,4,2012,187,783,11.746,752,17,21,37,69,DET,16,4,12,0,0.25,0.015,0.0372,-0.0222,DET,True,True
00-0026498,Matthew Stafford,2009,5,2013,181,681,39.215,654,19,23,42,61,DET,16,7,9,0,0.4375,0.0576,0.0354,0.0222,DET,True,True
00-0026498,Matthew Stafford,2009,6,2014,169,668,33.239,644,12,15,33,58,DET,16,11,5,0,0.6875,0.0498,0.0272,0.0226,DET,True,True
00-0026498,Matthew Stafford,2009,7,2015,167,668,18.385,636,13,15,38,59,DET,16,7,9,0,0.4375,0.0275,0.0405,-0.013,DET,True,True
00-0026498,Matthew Stafford,2009,8,2016,150,657,98.567,628,10,12,33,63,DET,16,9,7,0,0.5625,0.15,0.0511,0.0989,DET,True,True
00-0026498,Matthew Stafford,2009,9,2017,174,632,27.771,612,10,17,39,69,DET,16,9,7,0,0.5625,0.0439,0.0029,0.041,DET,True,True
00-0026498,Matthew Stafford,2009,10,2018,159,611,4.86,594,11,15,31,58,DET,16,6,10,0,0.375,0.008,0.0506,-0.0426,DET,True,True
00-0026498,Matthew Stafford,2009,11,2019,86,321,62.353,307,5,8,21,36,DET,8,3,4,1,0.4375,0.1942,0.0352,0.1591,DET,True,True
00-0026498,Matthew Stafford,2009,12,2020,148,583,63.338,559,10,11,41,61,DET,16,5,11,0,0.3125,0.1086,0.0747,0.034,DET,True,True
00-0026498,Matthew Stafford,2009,13,2021,156,647,122.247,631,17,19,51,81,LA,17,12,5,0,0.7059,0.1889,0.0381,0.1508,DET,False,True
00-0026498,Matthew Stafford,2009,14,2022,84,339,-29.213,332,8,11,16,27,LA,9,3,6,0,0.3333,-0.0862,0.0156,-0.1018,DET,False,True
00-0026498,Matthew Stafford,2009,15,2023,152,564,53.099,548,11,11,41,69,LA,15,9,6,0,0.6,0.0941,-0.0061,0.1002,DET,False,True
00-0026498,Matthew Stafford,2009,16,2024,145,559,40.892,544,8,10,34,58,LA,16,10,6,0,0.625,0.0732,0.0474,0.0258,DET,False,True
00-0026498,Matthew Stafford,2009,17,2025,159,629,125.117,617,8,11,60,82,LA,17,12,5,0,0.7059,0.1989,0.0407,0.1582,DET,False,True
00-0027688,Colt McCoy,2010,1,2010,76,266,1.332,244,9,9,12,24,CLE,8,2,6,0,0.25,0.005,0.0199,-0.0148,CLE,True,True
00-0027688,Colt McCoy,2010,2,2011,137,547,-27.782,494,11,13,17,36,CLE,13,4,9,0,0.3077,-0.0508,0.0242,-0.075,CLE,True,True
00-0027688,Colt McCoy,2010,3,2012,5,23,-4.964,21,0,0,1,1,CLE,0,0,0,0,,-0.2158,0.0372,-0.253,CLE,True,False
00-0027688,Colt McCoy,2010,4,2013,1,1,1.662,1,0,0,0,0,SF,0,0,0,0,,1.662,0.0354,1.6266,CLE,False,False
00-0027688,Colt McCoy,2010,5,2014,40,159,1.213,145,3,4,6,13,WAS,4,1,3,0,0.25,0.0076,0.0272,-0.0196,CLE,False,False
00-0027688,Colt McCoy,2010,6,2015,6,12,6.689,12,0,0,1,2,WAS,0,0,0,0,,0.5574,0.0405,0.5169,CLE,False,False
00-0027688,Colt McCoy,2010,9,2018,18,67,-1.484,58,3,3,5,7,WAS,2,0,2,0,0.0,-0.0221,0.0506,-0.0727,CLE,False,False
00-0027688,Colt McCoy,2010,10,2019,12,35,-25.93,33,1,1,0,0,WAS,1,0,1,0,0.0,-0.7409,0.0352,-0.776,CLE,False,False
00-0027688,Colt McCoy,2010,11,2020,24,76,-11.208,71,1,2,2,8,NYG,2,1,1,0,0.5,-0.1475,0.0747,-0.2222,CLE,False,False
00-0027688,Colt McCoy,2010,12,2021,28,117,11.443,105,1,2,7,10,ARI,3,2,1,0,0.6667,0.0978,0.0381,0.0597,CLE,False,False
00-0027688,Colt McCoy,2010,13,2022,39,158,-36.744,145,3,3,5,13,ARI,3,1,2,0,0.3333,-0.2326,0.0156,-0.2482,CLE,False,False
00-0027659,Jimmy Clausen,2010,1,2010,118,352,-113.244,331,9,11,9,23,CAR,10,1,9,0,0.1,-0.3217,0.0199,-0.3416,CAR,True,True
00-0027659,Jimmy Clausen,2010,5,2014,13,54,-9.53,51,1,1,2,2,CHI,1,0,1,0,0.0,-0.1765,0.0272,-0.2037,CAR,False,False
00-0027659,Jimmy Clausen,2010,6,2015,40,142,-39.059,132,4,4,2,7,BAL,3,0,3,0,0.0,-0.2751,0.0405,-0.3156,CAR,False,False
00-0027854,Sam Bradford,2010,1,2010,182,639,-51.803,621,15,17,27,59,LA,16,7,9,0,0.4375,-0.0811,0.0199,-0.1009,LA,True,True
00-0027854,Sam Bradford,2010,2,2011,115,405,-109.311,393,6,13,7,23,LA,10,1,9,0,0.1,-0.2699,0.0242,-0.2941,LA,True,True
00-0027854,Sam Bradford,2010,3,2012,165,602,-3.116,579,13,14,27,50,LA,16,7,8,1,0.4688,-0.0052,0.0372,-0.0424,LA,True,True
00-0027854,Sam Bradford,2010,4,2013,75,285,-21.425,277,4,5,14,25,LA,7,3,4,0,0.4286,-0.0752,0.0354,-0.1105,LA,True,False
00-0027854,Sam Bradford,2010,6,2015,162,574,-20.866,559,14,17,33,52,PHI,14,7,7,0,0.5,-0.0364,0.0405,-0.0769,LA,False,True
00-0027854,Sam Bradford,2010,7,2016,149,598,33.791,589,5,10,29,52,MIN,15,7,8,0,0.4667,0.0565,0.0511,0.0054,LA,False,True
00-0027854,Sam Bradford,2010,8,2017,14,48,13.015,48,0,0,3,7,MIN,2,2,0,0,1.0,0.2711,0.0029,0.2682,LA,False,False
00-0027854,Sam Bradford,2010,9,2018,27,87,-30.686,86,4,6,3,3,ARI,3,0,3,0,0.0,-0.3527,0.0506,-0.4033,LA,False,False
00-0027876,Tim Tebow,2010,1,2010,44,126,24.156,87,3,3,13,18,DEN,3,1,2,0,0.3333,0.1917,0.0199,0.1719,DEN,True,False
00-0027876,Tim Tebow,2010,2,2011,138,420,-52.001,301,6,12,21,35,DEN,11,7,4,0,0.6364,-0.1238,0.0242,-0.148,DEN,True,True
00-0027876,Tim Tebow,2010,3,2012,34,42,-6.614,10,0,0,7,12,NYJ,0,0,0,0,,-0.1575,0.0372,-0.1947,DEN,False,False
00-0027973,Andy Dalton,2011,1,2011,174,569,-1.562,540,13,15,28,60,CIN,16,9,7,0,0.5625,-0.0027,0.0242,-0.027,CIN,True,True
00-0027973,Andy Dalton,2011,2,2012,171,602,3.867,571,16,20,37,64,CIN,16,10,6,0,0.625,0.0064,0.0372,-0.0308,CIN,True,True
00-0027973,Andy Dalton,2011,3,2013,174,657,61.866,614,20,23,46,62,CIN,16,11,5,0,0.6875,0.0942,0.0354,0.0588,CIN,True,True
00-0027973,Andy Dalton,2011,4,2014,166,549,-4.678,502,17,19,34,59,CIN,16,10,5,1,0.6562,-0.0085,0.0272,-0.0357,CIN,True,True
00-0027973,Andy Dalton,2011,5,2015,120,451,110.397,406,7,9,39,56,CIN,13,10,3,0,0.7692,0.2448,0.0405,0.2043,CIN,True,True
00-0027973,Andy Dalton,2011,6,2016,163,639,53.159,602,8,11,32,59,CIN,16,6,9,1,0.4062,0.0832,0.0511,0.0321,CIN,True,True
00-0027973,Andy Dalton,2011,7,2017,162,554,-47.957,534,12,16,29,47,CIN,16,7,9,0,0.4375,-0.0866,0.0029,-0.0895,CIN,True,True
00-0027973,Andy Dalton,2011,8,2018,103,397,18.643,383,11,11,29,37,CIN,11,5,6,0,0.4545,0.047,0.0506,-0.0036,CIN,True,True
00-0027973,Andy Dalton,2011,9,2019,141,582,-22.928,558,14,18,24,47,CIN,13,2,11,0,0.1538,-0.0394,0.0352,-0.0745,CIN,True,True
00-0027973,Andy Dalton,2011,10,2020,94,381,-9.33,357,8,9,19,39,DAL,9,4,5,0,0.4444,-0.0245,0.0747,-0.0992,CIN,False,True
00-0027973,Andy Dalton,2011,11,2021,57,266,-29.273,253,9,10,13,21,CHI,6,3,3,0,0.5,-0.11,0.0381,-0.1482,CIN,False,False
00-0027973,Andy Dalton,2011,12,2022,134,421,3.699,403,9,10,27,47,NO,13,5,8,0,0.3846,0.0088,0.0156,-0.0069,CIN,False,True
00-0027973,Andy Dalton,2011,13,2023,13,64,5.977,61,0,0,4,6,CAR,1,0,1,0,0.0,0.0934,-0.0061,0.0995,CIN,False,False
00-0027973,Andy Dalton,2011,14,2024,50,174,-25.399,167,6,6,11,17,CAR,5,1,4,0,0.2,-0.146,0.0474,-0.1933,CIN,False,False
00-0027973,Andy Dalton,2011,15,2025,15,47,-11.319,45,1,3,2,3,CAR,0,0,0,0,,-0.2408,0.0407,-0.2815,CIN,False,False
00-0027948,Blaine Gabbert,2011,1,2011,155,486,-116.941,452,11,15,20,37,JAX,14,4,10,0,0.2857,-0.2406,0.0242,-0.2648,JAX,True,True
00-0027948,Blaine Gabbert,2011,2,2012,89,316,-45.206,300,6,9,11,23,JAX,10,1,9,0,0.1,-0.1431,0.0372,-0.1803,JAX,True,True
00-0027948,Blaine Gabbert,2011,3,2013,37,107,-67.745,98,7,7,1,3,JAX,3,0,3,0,0.0,-0.6331,0.0354,-0.6685,JAX,True,False
00-0027948,Blaine Gabbert,2011,4,2014,1,8,4.046,7,0,0,1,1,SF,0,0,0,0,,0.5058,0.0272,0.4786,JAX,False,False
00-0027948,Blaine Gabbert,2011,5,2015,91,332,-28.985,307,7,8,13,24,SF,8,3,5,0,0.375,-0.0873,0.0405,-0.1278,JAX,False,True
00-0027948,Blaine Gabbert,2011,6,2016,64,209,-24.694,171,6,6,14,18,SF,5,1,4,0,0.2,-0.1182,0.0511,-0.1692,JAX,False,False
00-0027948,Blaine Gabbert,2011,7,2017,63,212,-54.219,193,6,8,7,21,ARI,5,2,3,0,0.4,-0.2558,0.0029,-0.2587,JAX,False,False
00-0027948,Blaine Gabbert,2011,8,2018,38,108,-21.268,106,4,4,6,14,TEN,3,2,1,0,0.6667,-0.1969,0.0506,-0.2475,JAX,False,False
00-0027948,Blaine Gabbert,2011,10,2020,8,19,1.426,17,0,0,2,2,TB,0,0,0,0,,0.0751,0.0747,0.0004,JAX,False,False
00-0027948,Blaine Gabbert,2011,11,2021,7,12,0.192,12,0,0,0,1,TB,0,0,0,0,,0.016,0.0381,-0.0221,JAX,False,False
00-0027948,Blaine Gabbert,2011,12,2022,3,8,0.215,8,0,0,1,1,TB,1,0,1,0,0.0,0.0269,0.0156,0.0112,JAX,False,False
00-0027948,Blaine Gabbert,2011,13,2023,11,40,-12.547,36,3,3,0,2,KC,1,1,0,0,1.0,-0.3137,-0.0061,-0.3076,JAX,False,False
00-0027939,Cam Newton,2011,1,2011,168,668,76.888,549,17,19,47,68,CAR,16,6,10,0,0.375,0.1151,0.0242,0.0909,CAR,True,True
00-0027939,Cam Newton,2011,2,2012,161,636,101.095,519,12,15,40,55,CAR,16,7,9,0,0.4375,0.159,0.0372,0.1218,CAR,True,True
00-0027939,Cam Newton,2011,3,2013,151,613,74.457,513,13,14,36,59,CAR,16,12,4,0,0.75,0.1215,0.0354,0.0861,CAR,True,True
00-0027939,Cam Newton,2011,4,2014,136,580,18.036,484,12,17,26,48,CAR,14,5,8,1,0.3929,0.0311,0.0272,0.0039,CAR,True,True
00-0027939,Cam Newton,2011,5,2015,171,645,100.688,526,10,14,53,82,CAR,16,15,1,0,0.9375,0.1561,0.0405,0.1156,CAR,True,True
00-0027939,Cam Newton,2011,6,2016,167,628,-20.552,543,14,16,32,61,CAR,15,6,9,0,0.4,-0.0327,0.0511,-0.0838,CAR,True,True
00-0027939,Cam Newton,2011,7,2017,166,648,18.118,525,16,17,37,66,CAR,16,11,5,0,0.6875,0.028,0.0029,0.025,CAR,True,True
00-0027939,Cam Newton,2011,8,2018,139,586,41.985,497,13,13,39,55,CAR,14,6,8,0,0.4286,0.0716,0.0506,0.0211,CAR,True,True
00-0027939,Cam Newton,2011,9,2019,25,99,-22.121,94,1,3,2,9,CAR,2,0,2,0,0.0,-0.2234,0.0352,-0.2586,CAR,True,False
00-0027939,Cam Newton,2011,10,2020,127,524,0.753,397,10,11,30,55,NE,15,7,8,0,0.4667,0.0014,0.0747,-0.0733,CAR,False,True
00-0027939,Cam Newton,2011,11,2021,47,182,-38.067,136,5,6,12,16,CAR,4,0,4,0,0.0,-0.2092,0.0381,-0.2473,CAR,True,False
00-0027950,Christian Ponder,2011,1,2011,103,346,-44.089,321,13,15,20,30,MIN,9,2,7,0,0.2222,-0.1274,0.0242,-0.1517,MIN,True,True
00-0027950,Christian Ponder,2011,2,2012,162,560,-11.976,515,12,17,31,65,MIN,16,10,6,0,0.625,-0.0214,0.0372,-0.0586,MIN,True,True
00-0027950,Christian Ponder,2011,3,2013,91,297,-19.331,266,9,13,20,34,MIN,9,2,6,1,0.2778,-0.0651,0.0354,-0.1005,MIN,True,True
00-0027950,Christian Ponder,2011,4,2014,15,54,-16.912,50,2,2,1,3,MIN,1,0,1,0,0.0,-0.3132,0.0272,-0.3404,MIN,True,False
00-0027974,Colin Kaepernick,2011,1,2011,2,5,2.109,5,0,0,1,1,SF,0,0,0,0,,0.4218,0.0242,0.3976,SF,True,False
00-0027974,Colin Kaepernick,2011,2,2012,93,291,49.826,234,3,5,22,37,SF,7,5,2,0,0.7143,0.1712,0.0372,0.134,SF,True,False
00-0027974,Colin Kaepernick,2011,3,2013,162,537,75.034,455,8,12,36,65,SF,16,12,4,0,0.75,0.1397,0.0354,0.1044,SF,True,True
00-0027974,Colin Kaepernick,2011,4,2014,160,619,2.811,530,10,15,28,52,SF,16,8,8,0,0.5,0.0045,0.0272,-0.0227,SF,True,True
00-0027974,Colin Kaepernick,2011,5,2015,82,313,-17.866,272,5,6,10,23,SF,8,2,6,0,0.25,-0.0571,0.0405,-0.0976,SF,True,True
00-0027974,Colin Kaepernick,2011,6,2016,123,430,-0.618,366,4,7,22,36,SF,11,1,10,0,0.0909,-0.0014,0.0511,-0.0525,SF,True,True
00-0027946,Jake Locker,2011,1,2011,16,77,12.179,70,0,0,5,6,TEN,0,0,0,0,,0.1582,0.0242,0.1339,TEN,True,False
00-0027946,Jake Locker,2011,2,2012,111,379,-18.486,339,11,15,13,30,TEN,11,4,7,0,0.3636,-0.0488,0.0372,-0.086,TEN,True,True
00-0027946,Jake Locker,2011,3,2013,65,219,17.121,198,4,5,13,20,TEN,7,4,3,0,0.5714,0.0782,0.0354,0.0428,TEN,True,False
00-0027946,Jake Locker,2011,4,2014,51,179,-22.444,160,7,8,8,14,TEN,5,1,4,0,0.2,-0.1254,0.0272,-0.1526,TEN,True,False
00-0028825,Terrelle Pryor,2011,2,2012,14,40,2.658,30,1,1,3,5,LV,1,0,1,0,0.0,0.0665,0.0372,0.0292,LV,True,False
00-0028825,Terrelle Pryor,2011,3,2013,101,381,-29.906,302,11,13,16,28,LV,9,3,6,0,0.3333,-0.0785,0.0354,-0.1139,LV,True,True
00-0028825,Terrelle Pryor,2011,5,2015,1,1,-0.793,0,0,0,0,0,CLE,0,0,0,0,,-0.793,0.0405,-0.8335,LV,False,False
00-0028825,Terrelle Pryor,2011,6,2016,12,18,-7.178,10,0,0,1,4,CLE,0,0,0,0,,-0.3988,0.0511,-0.4499,LV,False,False
00-0028825,Terrelle Pryor,2011,8,2018,1,1,-1.074,0,0,0,0,0,BUF,0,0,0,0,,-1.074,0.0506,-1.1246,LV,False,False
00-0028118,Tyrod Taylor,2011,1,2011,2,4,-0.646,3,0,0,1,1,BAL,0,0,0,0,,-0.1615,0.0242,-0.1857,BAL,True,False
00-0028118,Tyrod Taylor,2011,2,2012,14,43,-2.114,32,1,1,2,5,BAL,1,0,1,0,0.0,-0.0492,0.0372,-0.0864,BAL,True,False
00-0028118,Tyrod Taylor,2011,3,2013,7,13,-15.152,5,1,1,0,3,BAL,0,0,0,0,,-1.1655,0.0354,-1.2009,BAL,True,False
00-0028118,Tyrod Taylor,2011,4,2014,1,1,-4.787,0,0,0,0,0,BAL,0,0,0,0,,-4.787,0.0272,-4.8142,BAL,True,False
00-0028118,Tyrod Taylor,2011,5,2015,153,504,69.698,416,6,7,35,55,BUF,14,8,6,0,0.5714,0.1383,0.0405,0.0978,BAL,False,True
00-0028118,Tyrod Taylor,2011,6,2016,149,567,53.171,477,6,8,40,58,BUF,15,7,8,0,0.4667,0.0938,0.0511,0.0427,BAL,False,True
00-0028118,Tyrod Taylor,2011,7,2017,145,535,24.137,466,4,6,23,52,BUF,14,8,6,0,0.5714,0.0451,0.0029,0.0422,BAL,False,True
00-0028118,Tyrod Taylor,2011,8,2018,35,113,-19.838,97,2,2,5,7,CLE,3,1,1,1,0.5,-0.1756,0.0506,-0.2261,BAL,False,False
00-0028118,Tyrod Taylor,2011,9,2019,6,10,1.354,6,0,0,1,2,LAC,0,0,0,0,,0.1354,0.0352,0.1002,BAL,False,False
00-0028118,Tyrod Taylor,2011,10,2020,12,37,-5.715,32,0,0,1,4,LAC,1,1,0,0,1.0,-0.1545,0.0747,-0.2291,BAL,False,False
00-0028118,Tyrod Taylor,2011,11,2021,57,180,-9.544,162,5,5,10,18,HOU,6,2,4,0,0.3333,-0.053,0.0381,-0.0911,BAL,False,False
00-0028118,Tyrod Taylor,2011,12,2022,4,16,4.752,11,1,2,1,2,NYG,0,0,0,0,,0.297,0.0156,0.2814,BAL,False,False
00-0028118,Tyrod Taylor,2011,13,2023,63,226,2.111,191,3,3,8,18,NYG,5,2,3,0,0.4,0.0093,-0.0061,0.0154,BAL,False,False
00-0028118,Tyrod Taylor,2011,14,2024,3,25,11.227,22,0,0,3,3,NYJ,0,0,0,0,,0.4491,0.0474,0.4017,BAL,False,False
00-0028118,Tyrod Taylor,2011,15,2025,41,172,-7.768,147,5,6,6,13,NYJ,4,1,3,0,0.25,-0.0452,0.0407,-0.0859,BAL,False,False
00-0029668,Andrew Luck,2012,1,2012,171,703,48.55,660,18,23,34,60,IND,16,11,5,0,0.6875,0.0691,0.0372,0.0319,IND,True,True
00-0029668,Andrew Luck,2012,2,2013,163,650,51.661,602,9,11,36,69,IND,16,11,5,0,0.6875,0.0795,0.0354,0.0441,IND,True,True
00-0029668,Andrew Luck,2012,3,2014,177,693,71.298,643,16,22,49,78,IND,16,11,5,0,0.6875,0.1029,0.0272,0.0757,IND,True,True
00-0029668,Andrew Luck,2012,4,2015,85,333,-1.886,306,12,13,18,24,IND,7,2,5,0,0.2857,-0.0057,0.0405,-0.0462,IND,True,False
00-0029668,Andrew Luck,2012,5,2016,153,632,65.721,583,13,18,43,69,IND,15,8,7,0,0.5333,0.104,0.0511,0.0529,IND,True,True
00-0029668,Andrew Luck,2012,7,2018,167,684,86.644,655,15,16,49,72,IND,16,10,6,0,0.625,0.1267,0.0506,0.0761,IND,True,True
00-0029677,Brandon Weeden,2012,1,2012,164,566,-25.402,544,17,18,24,52,CLE,15,5,10,0,0.3333,-0.0449,0.0372,-0.0821,CLE,True,True
00-0029677,Brandon Weeden,2012,2,2013,76,303,-41.07,293,9,11,11,20,CLE,5,0,5,0,0.0,-0.1355,0.0354,-0.1709,CLE,True,False
00-0029677,Brandon Weeden,2012,3,2014,15,48,-1.362,42,2,2,3,5,DAL,1,0,1,0,0.0,-0.0284,0.0272,-0.0556,CLE,False,False
00-0029677,Brandon Weeden,2012,4,2015,46,158,10.099,149,2,3,10,18,DAL,4,1,3,0,0.25,0.0639,0.0405,0.0234,CLE,False,False
00-0029682,Brock Osweiler,2012,1,2012,2,4,-0.267,4,0,0,0,1,DEN,0,0,0,0,,-0.0667,0.0372,-0.104,DEN,True,False
00-0029682,Brock Osweiler,2012,2,2013,7,19,-3.783,18,0,0,0,2,DEN,0,0,0,0,,-0.1991,0.0354,-0.2345,DEN,True,False
00-0029682,Brock Osweiler,2012,3,2014,8,13,-1.262,10,0,0,1,1,DEN,0,0,0,0,,-0.0971,0.0272,-0.1243,DEN,True,False
00-0029682,Brock Osweiler,2012,4,2015,85,317,-2.021,298,6,7,16,25,DEN,7,5,2,0,0.7143,-0.0064,0.0405,-0.0469,DEN,True,False
00-0029682,Brock Osweiler,2012,5,2016,152,554,-36.835,534,16,17,21,50,HOU,15,8,7,0,0.5333,-0.0665,0.0511,-0.1176,DEN,False,True
00-0029682,Brock Osweiler,2012,6,2017,52,191,-21.275,180,5,6,8,17,DEN,4,0,4,0,0.0,-0.1114,0.0029,-0.1143,DEN,True,False
00-0029682,Brock Osweiler,2012,7,2018,56,200,-14.552,194,4,5,8,20,MIA,5,2,3,0,0.4,-0.0728,0.0506,-0.1233,DEN,False,False
00-0028986,Case Keenum,2012,2,2013,92,282,-30.509,269,6,8,13,24,HOU,8,0,8,0,0.0,-0.1082,0.0354,-0.1436,HOU,True,True
00-0028986,Case Keenum,2012,3,2014,24,88,-12.948,80,2,3,4,10,HOU,2,2,0,0,1.0,-0.1471,0.0272,-0.1743,HOU,True,False
00-0028986,Case Keenum,2012,4,2015,49,135,3.378,129,1,3,9,13,LA,5,3,2,0,0.6,0.025,0.0405,-0.0155,HOU,False,False
00-0028986,Case Keenum,2012,5,2016,99,358,-40.556,345,11,12,13,27,LA,9,4,5,0,0.4444,-0.1133,0.0511,-0.1644,HOU,False,True
00-0028986,Case Keenum,2012,6,2017,152,525,68.068,503,7,8,36,62,MIN,14,11,3,0,0.7857,0.1297,0.0029,0.1267,HOU,False,True
00-0028986,Case Keenum,2012,7,2018,173,635,-17.535,618,15,17,35,54,DEN,16,6,10,0,0.375,-0.0276,0.0506,-0.0782,HOU,False,True
00-0028986,Case Keenum,2012,8,2019,73,266,-11.9,260,5,8,13,22,WAS,8,1,7,0,0.125,-0.0447,0.0352,-0.0799,HOU,False,True
00-0028986,Case Keenum,2012,9,2020,3,10,-4.156,10,0,0,0,0,CLE,0,0,0,0,,-0.4156,0.0747,-0.4903,HOU,False,False
00-0028986,Case Keenum,2012,10,2021,24,85,-3.171,77,1,2,5,6,CLE,2,2,0,0,1.0,-0.0373,0.0381,-0.0754,HOU,False,False
00-0028986,Case Keenum,2012,11,2022,4,8,-6.402,7,0,0,0,0,BUF,0,0,0,0,,-0.8002,0.0156,-0.8159,HOU,False,False
00-0028986,Case Keenum,2012,12,2023,21,61,-22.301,59,3,3,1,5,HOU,2,1,1,0,0.5,-0.3656,-0.0061,-0.3595,HOU,True,False
00-0029604,Kirk Cousins,2012,1,2012,20,53,13.357,51,3,3,7,8,WAS,1,1,0,0,1.0,0.252,0.0372,0.2148,WAS,True,False
00-0029604,Kirk Cousins,2012,2,2013,46,163,-41.704,159,7,9,5,12,WAS,3,0,3,0,0.0,-0.2559,0.0354,-0.2912,WAS,True,False
00-0029604,Kirk Cousins,2012,3,2014,64,217,4.371,212,9,11,14,23,WAS,5,1,4,0,0.2,0.0201,0.0272,-0.0071,WAS,True,False
00-0029604,Kirk Cousins,2012,4,2015,154,584,95.598,569,11,14,38,62,WAS,16,9,7,0,0.5625,0.1637,0.0405,0.1232,WAS,True,True
00-0029604,Kirk Cousins,2012,5,2016,159,647,113.446,626,12,15,40,74,WAS,16,8,7,1,0.5312,0.1753,0.0511,0.1243,WAS,True,True
00-0029604,Kirk Cousins,2012,6,2017,173,621,-1.058,581,13,18,36,58,WAS,16,7,9,0,0.4375,-0.0017,0.0029,-0.0046,WAS,True,True
00-0029604,Kirk Cousins,2012,7,2018,177,678,-33.866,643,10,17,37,58,MIN,16,8,7,1,0.5312,-0.0499,0.0506,-0.1005,WAS,False,True
00-0029604,Kirk Cousins,2012,8,2019,145,494,77.707,472,6,9,43,65,MIN,15,10,5,0,0.6667,0.1573,0.0352,0.1221,WAS,False,True
00-0029604,Kirk Cousins,2012,9,2020,162,577,88.33,552,13,18,54,69,MIN,16,7,9,0,0.4375,0.1531,0.0747,0.0784,WAS,False,True
00-0029604,Kirk Cousins,2012,10,2021,176,604,69.506,584,7,9,42,74,MIN,16,8,8,0,0.5,0.1151,0.0381,0.077,WAS,False,True
00-0029604,Kirk Cousins,2012,11,2022,178,707,22.999,686,14,17,44,68,MIN,17,13,4,0,0.7647,0.0325,0.0156,0.0169,WAS,False,True
00-0029604,Kirk Cousins,2012,12,2023,74,338,21.156,326,5,9,19,29,MIN,8,4,4,0,0.5,0.0626,-0.0061,0.0687,WAS,False,True
00-0029604,Kirk Cousins,2012,13,2024,132,489,7.556,477,16,18,30,54,ATL,14,7,7,0,0.5,0.0155,0.0474,-0.0319,WAS,False,True
00-0029604,Kirk Cousins,2012,14,2025,80,287,-5.611,279,5,6,15,33,ATL,8,5,3,0,0.625,-0.0196,0.0407,-0.0602,WAS,False,True
00-0029567,Nick Foles,2012,1,2012,76,294,-28.893,283,5,8,13,26,PHI,6,1,5,0,0.1667,-0.0983,0.0372,-0.1355,PHI,True,False
00-0029567,Nick Foles,2012,2,2013,117,387,109.845,345,2,4,37,50,PHI,10,8,2,0,0.8,0.2838,0.0354,0.2485,PHI,True,True
00-0029567,Nick Foles,2012,3,2014,90,332,-4.016,319,10,13,17,30,PHI,8,6,2,0,0.75,-0.0121,0.0272,-0.0393,PHI,True,True
00-0029567,Nick Foles,2012,4,2015,124,358,-103.985,349,10,12,15,31,LA,11,4,7,0,0.3636,-0.2905,0.0405,-0.331,PHI,False,True
00-0029567,Nick Foles,2012,5,2016,20,59,-6.431,59,0,0,3,10,KC,1,1,0,0,1.0,-0.109,0.0511,-0.1601,PHI,False,False
00-0029567,Nick Foles,2012,6,2017,34,110,-20.895,106,2,4,6,12,PHI,2,2,0,0,1.0,-0.19,0.0029,-0.1929,PHI,True,False
00-0029567,Nick Foles,2012,7,2018,54,210,25.721,202,4,6,14,21,PHI,5,4,1,0,0.8,0.1225,0.0506,0.0719,PHI,True,False
00-0029567,Nick Foles,2012,8,2019,31,129,-12.061,125,2,4,5,7,JAX,4,0,4,0,0.0,-0.0935,0.0352,-0.1286,PHI,False,False
00-0029567,Nick Foles,2012,9,2020,82,335,-44.327,329,8,8,12,25,CHI,7,2,5,0,0.2857,-0.1323,0.0747,-0.207,PHI,False,False
00-0029567,Nick Foles,2012,10,2021,9,42,5.769,39,0,0,3,4,CHI,1,1,0,0,1.0,0.1374,0.0381,0.0993,PHI,False,False
00-0029567,Nick Foles,2012,11,2022,15,52,-38.428,50,4,4,0,2,IND,2,0,2,0,0.0,-0.739,0.0156,-0.7546,PHI,False,False
00-0029665,Robert Griffin III,2012,1,2012,149,532,124.338,421,5,7,40,61,WAS,15,9,6,0,0.6,0.2337,0.0372,0.1965,WAS,True,True
00-0029665,Robert Griffin III,2012,2,2013,145,575,2.028,492,12,16,28,42,WAS,13,3,10,0,0.2308,0.0035,0.0354,-0.0318,WAS,True,True
00-0029665,Robert Griffin III,2012,3,2014,79,283,-52.91,247,6,10,12,20,WAS,7,2,5,0,0.2857,-0.187,0.0272,-0.2142,WAS,True,False
00-0029665,Robert Griffin III,2012,5,2016,53,200,-17.526,169,3,4,8,15,CLE,5,1,4,0,0.2,-0.0876,0.0511,-0.1387,WAS,False,False
00-0029665,Robert Griffin III,2012,7,2018,2,6,0.06,6,0,0,0,1,BAL,0,0,0,0,,0.01,0.0506,-0.0406,WAS,False,False
00-0029665,Robert Griffin III,2012,8,2019,19,57,-1.078,43,2,2,3,8,BAL,1,1,0,0,1.0,-0.0189,0.0352,-0.0541,WAS,False,False
00-0029665,Robert Griffin III,2012,9,2020,13,25,-19.844,17,2,3,1,1,BAL,1,0,1,0,0.0,-0.7938,0.0747,-0.8684,WAS,False,False
00-0029263,Russell Wilson,2012,1,2012,151,510,100.35,426,10,13,42,64,SEA,16,11,5,0,0.6875,0.1968,0.0372,0.1596,SEA,True,True
00-0029263,Russell Wilson,2012,2,2013,165,530,81.218,449,9,14,37,69,SEA,16,13,3,0,0.8125,0.1532,0.0354,0.1179,SEA,True,True
00-0029263,Russell Wilson,2012,3,2014,162,592,86.244,493,7,7,39,68,SEA,16,12,4,0,0.75,0.1457,0.0272,0.1185,SEA,True,True
00-0029263,Russell Wilson,2012,4,2015,161,614,142.602,526,8,11,42,71,SEA,16,10,6,0,0.625,0.2323,0.0405,0.1918,SEA,True,True
00-0029263,Russell Wilson,2012,5,2016,167,644,34.782,585,11,13,31,62,SEA,16,10,5,1,0.6562,0.054,0.0511,0.0029,SEA,True,True
00-0029263,Russell Wilson,2012,6,2017,178,674,51.589,592,11,14,38,59,SEA,16,9,7,0,0.5625,0.0765,0.0029,0.0736,SEA,True,True
00-0029263,Russell Wilson,2012,7,2018,167,521,87.081,470,7,9,49,71,SEA,16,10,6,0,0.625,0.1671,0.0506,0.1166,SEA,True,True
00-0029263,Russell Wilson,2012,8,2019,173,621,58.553,561,5,8,45,67,SEA,16,11,5,0,0.6875,0.0943,0.0352,0.0591,SEA,True,True
00-0029263,Russell Wilson,2012,9,2020,162,670,80.323,604,13,17,53,75,SEA,16,12,4,0,0.75,0.1199,0.0747,0.0452,SEA,True,True
00-0029263,Russell Wilson,2012,10,2021,141,470,12.338,433,6,7,39,51,SEA,14,6,8,0,0.4286,0.0263,0.0381,-0.0119,SEA,True,True
00-0029263,Russell Wilson,2012,11,2022,161,585,-35.461,537,11,13,25,50,DEN,15,4,11,0,0.2667,-0.0606,0.0156,-0.0763,SEA,False,True
00-0029263,Russell Wilson,2012,12,2023,155,554,-12.008,488,8,13,32,58,DEN,15,7,8,0,0.4667,-0.0217,-0.0061,-0.0156,SEA,False,True
00-0029263,Russell Wilson,2012,13,2024,120,400,-3.619,367,5,9,24,49,PIT,11,6,5,0,0.5455,-0.009,0.0474,-0.0564,SEA,False,True
00-0029263,Russell Wilson,2012,14,2025,35,147,-16.954,129,3,3,5,12,NYG,3,0,3,0,0.0,-0.1153,0.0407,-0.156,SEA,False,False
00-0029701,Ryan Tannehill,2012,1,2012,155,550,-28.548,517,13,17,26,47,MIA,16,7,9,0,0.4375,-0.0519,0.0372,-0.0891,MIA,True,True
00-0029701,Ryan Tannehill,2012,2,2013,179,673,4.388,642,17,22,32,56,MIA,16,8,8,0,0.5,0.0065,0.0354,-0.0288,MIA,True,True
00-0029701,Ryan Tannehill,2012,3,2014,163,678,29.958,635,12,14,37,65,MIA,16,8,8,0,0.5,0.0442,0.0272,0.017,MIA,True,True
00-0029701,Ryan Tannehill,2012,4,2015,176,654,-3.029,629,12,15,34,47,MIA,16,6,10,0,0.375,-0.0046,0.0405,-0.0451,MIA,True,True
00-0029701,Ryan Tannehill,2012,5,2016,145,451,0.981,416,12,15,30,43,MIA,13,8,5,0,0.6154,0.0022,0.0511,-0.0489,MIA,True,True
00-0029701,Ryan Tannehill,2012,7,2018,115,331,-62.678,308,9,13,22,28,MIA,11,5,6,0,0.4545,-0.1894,0.0506,-0.2399,MIA,True,True
00-0029701,Ryan Tannehill,2012,8,2019,104,340,75.907,314,6,9,36,40,TEN,10,7,3,0,0.7,0.2233,0.0352,0.1881,MIA,False,True
00-0029701,Ryan Tannehill,2012,9,2020,151,540,149.047,505,7,8,58,78,TEN,16,11,5,0,0.6875,0.276,0.0747,0.2013,MIA,False,True
00-0029701,Ryan Tannehill,2012,10,2021,164,623,49.063,577,14,18,43,68,TEN,17,12,5,0,0.7059,0.0788,0.0381,0.0406,MIA,False,True
00-0029701,Ryan Tannehill,2012,11,2022,120,380,21.929,357,6,8,25,38,TEN,12,6,6,0,0.5,0.0577,0.0156,0.0421,MIA,False,True
00-0029701,Ryan Tannehill,2012,12,2023,77,272,-20.707,260,7,7,13,30,TEN,8,3,5,0,0.375,-0.0761,-0.0061,-0.07,MIA,False,True
00-0030526,EJ Manuel,2013,1,2013,122,374,-42.052,333,9,12,19,39,BUF,10,4,6,0,0.4,-0.1124,0.0354,-0.1478,BUF,True,True
00-0030526,EJ Manuel,2013,2,2014,47,149,-18.445,136,3,3,6,16,BUF,4,2,2,0,0.5,-0.1238,0.0272,-0.151,BUF,True,False
00-0030526,EJ Manuel,2013,3,2015,25,105,-11.898,89,3,4,5,9,BUF,2,0,2,0,0.0,-0.1133,0.0405,-0.1538,BUF,True,False
00-0030526,EJ Manuel,2013,4,2016,16,36,-7.15,29,0,1,3,5,BUF,1,0,1,0,0.0,-0.1986,0.0511,-0.2497,BUF,True,False
00-0030526,EJ Manuel,2013,5,2017,13,49,-10.166,47,1,1,2,4,LV,1,0,1,0,0.0,-0.2075,0.0029,-0.2104,BUF,False,False
00-0030565,Geno Smith,2013,1,2013,171,549,-48.536,485,21,25,24,55,NYJ,16,8,8,0,0.5,-0.0884,0.0354,-0.1238,NYJ,True,True
00-0030565,Geno Smith,2013,2,2014,132,450,-18.967,394,13,16,20,46,NYJ,13,3,10,0,0.2308,-0.0421,0.0272,-0.0693,NYJ,True,True
00-0030565,Geno Smith,2013,3,2015,11,47,3.847,45,1,1,2,4,NYJ,0,0,0,0,,0.0819,0.0405,0.0414,NYJ,True,False
00-0030565,Geno Smith,2013,4,2016,5,19,-2.0,17,1,1,1,1,NYJ,1,1,0,0,1.0,-0.1053,0.0511,-0.1563,NYJ,True,False
00-0030565,Geno Smith,2013,5,2017,13,42,-9.973,39,0,2,2,3,NYG,1,0,1,0,0.0,-0.2375,0.0029,-0.2404,NYJ,False,False
00-0030565,Geno Smith,2013,6,2018,4,6,-6.231,5,0,1,0,2,LAC,0,0,0,0,,-1.0385,0.0506,-1.0891,NYJ,False,False
00-0030565,Geno Smith,2013,8,2020,2,8,-2.37,6,0,0,0,1,SEA,0,0,0,0,,-0.2962,0.0747,-0.3709,NYJ,False,False
00-0030565,Geno Smith,2013,9,2021,34,114,1.989,107,1,2,7,12,SEA,3,1,2,0,0.3333,0.0174,0.0381,-0.0207,NYJ,False,False
00-0030565,Geno Smith,2013,10,2022,177,673,17.834,617,11,15,41,75,SEA,17,9,8,0,0.5294,0.0265,0.0156,0.0109,NYJ,False,True
00-0030565,Geno Smith,2013,11,2023,144,554,32.699,526,9,12,29,61,SEA,15,8,7,0,0.5333,0.059,-0.0061,0.0651,NYJ,False,True
00-0030565,Geno Smith,2013,12,2024,165,666,7.529,626,15,15,37,63,SEA,17,10,7,0,0.5882,0.0113,0.0474,-0.0361,NYJ,False,True
00-0030565,Geno Smith,2013,13,2025,145,536,-73.359,501,17,18,23,40,LV,15,2,13,0,0.1333,-0.1369,0.0407,-0.1776,NYJ,False,True
00-0030520,Mike Glennon,2013,1,2013,143,474,-41.232,456,9,13,25,46,TB,13,4,9,0,0.3077,-0.087,0.0354,-0.1224,TB,True,True
00-0030520,Mike Glennon,2013,2,2014,64,228,-13.417,218,6,6,12,19,TB,5,1,4,0,0.2,-0.0588,0.0272,-0.086,TB,True,False
00-0030520,Mike Glennon,2013,4,2016,1,11,6.076,11,0,0,1,1,TB,0,0,0,0,,0.5524,0.0511,0.5013,TB,True,False
00-0030520,Mike Glennon,2013,5,2017,38,152,-33.413,148,5,8,6,7,CHI,4,1,3,0,0.25,-0.2198,0.0029,-0.2228,TB,False,False
00-0030520,Mike Glennon,2013,6,2018,3,22,8.741,22,0,0,1,1,ARI,0,0,0,0,,0.3973,0.0506,0.3467,TB,False,False
00-0030520,Mike Glennon,2013,7,2019,5,12,0.184,10,0,1,1,1,LV,0,0,0,0,,0.0153,0.0352,-0.0198,TB,False,False
00-0030520,Mike Glennon,2013,8,2020,52,192,-27.031,186,5,7,9,14,JAX,5,0,5,0,0.0,-0.1408,0.0747,-0.2155,TB,False,False
00-0030520,Mike Glennon,2013,9,2021,52,180,-83.931,173,10,13,5,11,NYG,4,0,4,0,0.0,-0.4663,0.0381,-0.5044,TB,False,False
00-0031407,Blake Bortles,2014,1,2014,152,582,-95.728,529,17,18,17,35,JAX,13,3,10,0,0.2308,-0.1645,0.0272,-0.1917,JAX,True,True
00-0031407,Blake Bortles,2014,2,2015,186,700,1.518,654,18,23,40,66,JAX,16,5,11,0,0.3125,0.0022,0.0405,-0.0383,JAX,True,True
00-0031407,Blake Bortles,2014,3,2016,179,712,-30.751,659,16,22,31,57,JAX,16,3,13,0,0.1875,-0.0432,0.0511,-0.0943,JAX,True,True
00-0031407,Blake Bortles,2014,4,2017,176,592,49.024,546,13,16,35,63,JAX,16,10,6,0,0.625,0.0828,0.0029,0.0799,JAX,True,True
00-0031407,Blake Bortles,2014,5,2018,130,487,-24.224,434,11,15,18,37,JAX,12,3,9,0,0.25,-0.0497,0.0506,-0.1003,JAX,True,True
00-0031407,Blake Bortles,2014,6,2019,3,4,-3.029,2,0,0,0,0,LA,0,0,0,0,,-0.7572,0.0352,-0.7924,JAX,False,False
00-0031280,Derek Carr,2014,1,2014,182,641,-84.504,617,12,16,24,43,LV,16,3,13,0,0.1875,-0.1318,0.0272,-0.159,LV,True,True
00-0031280,Derek Carr,2014,2,2015,174,624,-8.685,603,13,16,38,58,LV,16,7,9,0,0.4375,-0.0139,0.0405,-0.0544,LV,True,True
00-0031280,Derek Carr,2014,3,2016,166,597,68.708,574,6,9,44,73,LV,15,12,3,0,0.8,0.1151,0.0511,0.064,LV,True,True
00-0031280,Derek Carr,2014,4,2017,153,548,-7.241,535,13,17,32,45,LV,15,6,9,0,0.4,-0.0132,0.0029,-0.0162,LV,True,True
00-0031280,Derek Carr,2014,5,2018,162,611,-3.447,597,10,17,28,55,LV,16,4,12,0,0.25,-0.0056,0.0506,-0.0562,LV,True,True
00-0031280,Derek Carr,2014,6,2019,144,560,72.07,540,8,11,33,51,LV,16,7,9,0,0.4375,0.1287,0.0352,0.0935,LV,True,True
00-0031280,Derek Carr,2014,7,2020,146,570,53.667,539,9,17,42,73,LV,16,8,8,0,0.5,0.0942,0.0747,0.0195,LV,True,True
00-0031280,Derek Carr,2014,8,2021,174,693,28.058,663,14,19,37,77,LV,17,10,7,0,0.5882,0.0405,0.0381,0.0024,LV,True,True
00-0031280,Derek Carr,2014,9,2022,143,548,20.591,529,14,14,33,63,LV,15,6,9,0,0.4,0.0376,0.0156,0.0219,LV,True,True
00-0031280,Derek Carr,2014,10,2023,164,593,18.662,579,8,11,38,68,NO,17,9,8,0,0.5294,0.0315,-0.0061,0.0376,LV,False,True
00-0031280,Derek Carr,2014,11,2024,89,302,42.045,287,5,5,28,42,NO,10,5,5,0,0.5,0.1392,0.0474,0.0919,LV,False,True
00-0031345,Jimmy Garoppolo,2014,1,2014,8,36,-8.165,32,0,0,1,3,NE,1,0,1,0,0.0,-0.2268,0.0272,-0.254,NE,True,False
00-0031345,Jimmy Garoppolo,2014,2,2015,1,4,-3.113,4,0,0,0,0,NE,0,0,0,0,,-0.7782,0.0405,-0.8187,NE,True,False
00-0031345,Jimmy Garoppolo,2014,3,2016,19,69,22.159,66,0,1,6,10,NE,2,2,0,0,1.0,0.3211,0.0511,0.2701,NE,True,False
00-0031345,Jimmy Garoppolo,2014,4,2017,48,192,59.673,184,5,5,11,29,SF,5,5,0,0,1.0,0.3108,0.0029,0.3079,NE,False,False
00-0031345,Jimmy Garoppolo,2014,5,2018,32,109,0.748,102,3,3,7,15,SF,3,1,2,0,0.3333,0.0069,0.0506,-0.0437,NE,False,False
00-0031345,Jimmy Garoppolo,2014,6,2019,166,540,73.178,510,13,18,48,77,SF,16,13,3,0,0.8125,0.1355,0.0352,0.1004,NE,False,True
00-0031345,Jimmy Garoppolo,2014,7,2020,46,158,26.764,151,5,5,12,17,SF,6,3,3,0,0.5,0.1694,0.0747,0.0947,NE,False,False
00-0031345,Jimmy Garoppolo,2014,8,2021,142,493,82.077,467,12,15,42,64,SF,15,9,6,0,0.6,0.1665,0.0381,0.1284,NE,False,True
00-0031345,Jimmy Garoppolo,2014,9,2022,93,344,61.494,326,4,6,25,39,SF,10,7,3,0,0.7,0.1788,0.0156,0.1631,NE,False,True
00-0031345,Jimmy Garoppolo,2014,10,2023,53,196,-18.981,182,9,9,9,15,LV,6,3,3,0,0.5,-0.0968,-0.0061,-0.0907,NE,False,False
00-0031345,Jimmy Garoppolo,2014,11,2024,10,46,1.036,44,1,1,2,6,LA,1,0,1,0,0.0,0.0225,0.0474,-0.0248,NE,False,False
00-0031237,Teddy Bridgewater,2014,1,2014,123,476,13.181,436,12,12,24,43,MIN,12,6,6,0,0.5,0.0277,0.0272,0.0005,MIN,True,True
00-0031237,Teddy Bridgewater,2014,2,2015,149,526,13.937,491,9,12,27,59,MIN,16,11,5,0,0.6875,0.0265,0.0405,-0.014,MIN,True,True
00-0031237,Teddy Bridgewater,2014,4,2017,2,2,-7.349,2,1,1,0,0,MIN,0,0,0,0,,-3.6745,0.0029,-3.6774,MIN,True,False
00-0031237,Teddy Bridgewater,2014,5,2018,9,29,-9.207,25,1,1,1,2,NO,1,0,1,0,0.0,-0.3175,0.0506,-0.3681,MIN,False,False
00-0031237,Teddy Bridgewater,2014,6,2019,58,223,20.828,208,2,2,12,24,NO,5,5,0,0,1.0,0.0934,0.0352,0.0582,MIN,False,False
00-0031237,Teddy Bridgewater,2014,7,2020,134,566,43.016,521,11,14,33,60,CAR,15,4,11,0,0.2667,0.076,0.0747,0.0013,MIN,False,True
00-0031237,Teddy Bridgewater,2014,8,2021,123,481,65.532,457,7,8,30,50,DEN,14,7,7,0,0.5,0.1362,0.0381,0.0981,MIN,False,True
00-0031237,Teddy Bridgewater,2014,9,2022,28,89,-1.554,86,4,4,5,7,MIA,3,0,3,0,0.0,-0.0175,0.0156,-0.0331,MIN,False,False
00-0031237,Teddy Bridgewater,2014,12,2025,4,18,-12.518,17,0,0,0,0,TB,0,0,0,0,,-0.6954,0.0407,-0.7361,MIN,False,False
00-0031589,Brett Hundley,2015,2,2016,4,11,-8.785,10,1,1,0,1,GB,0,0,0,0,,-0.7986,0.0511,-0.8497,GB,True,False
00-0031589,Brett Hundley,2015,3,2017,105,378,-60.6,345,12,14,18,27,GB,9,3,6,0,0.3333,-0.1603,0.0029,-0.1633,GB,True,True
00-0031589,Brett Hundley,2015,5,2019,6,18,2.039,13,0,0,2,2,ARI,0,0,0,0,,0.1133,0.0352,0.0781,GB,False,False
00-0031503,Jameis Winston,2015,1,2015,158,603,44.246,560,15,17,33,61,TB,16,6,10,0,0.375,0.0734,0.0405,0.0329,TB,True,True
00-0031503,Jameis Winston,2015,2,2016,165,639,55.074,602,18,24,36,58,TB,16,9,7,0,0.5625,0.0862,0.0511,0.0351,TB,True,True
00-0031503,Jameis Winston,2015,3,2017,124,502,30.498,472,11,18,25,42,TB,13,3,10,0,0.2308,0.0608,0.0029,0.0578,TB,True,True
00-0031503,Jameis Winston,2015,4,2018,104,449,55.447,404,14,17,29,42,TB,9,3,6,0,0.3333,0.1235,0.0506,0.0729,TB,True,True
00-0031503,Jameis Winston,2015,5,2019,184,716,47.488,671,30,35,48,73,TB,16,7,9,0,0.4375,0.0663,0.0352,0.0312,TB,True,True
00-0031503,Jameis Winston,2015,6,2020,6,14,1.018,13,0,0,1,2,NO,0,0,0,0,,0.0727,0.0747,-0.002,TB,False,False
00-0031503,Jameis Winston,2015,7,2021,62,196,38.667,172,3,4,19,22,NO,7,5,2,0,0.7143,0.1973,0.0381,0.1592,TB,False,False
00-0031503,Jameis Winston,2015,8,2022,37,129,-16.575,124,5,5,6,9,NO,3,1,2,0,0.3333,-0.1285,0.0156,-0.1441,TB,False,False
00-0031503,Jameis Winston,2015,9,2023,15,49,-9.788,49,3,3,3,3,NO,0,0,0,0,,-0.1998,-0.0061,-0.1937,TB,False,False
00-0031503,Jameis Winston,2015,10,2024,87,343,-14.795,319,12,14,17,24,CLE,7,2,5,0,0.2857,-0.0431,0.0474,-0.0905,TB,False,False
00-0031503,Jameis Winston,2015,11,2025,20,74,19.679,69,2,3,6,8,NYG,2,0,2,0,0.0,0.2659,0.0407,0.2252,TB,False,False
00-0032268,Marcus Mariota,2015,1,2015,127,438,0.002,405,10,16,28,39,TEN,12,3,9,0,0.25,0.0,0.0405,-0.0405,TEN,True,True
00-0032268,Marcus Mariota,2015,2,2016,154,521,55.999,471,9,14,41,62,TEN,15,8,7,0,0.5333,0.1075,0.0511,0.0564,TEN,True,True
00-0032268,Marcus Mariota,2015,3,2017,155,526,-3.783,479,15,16,28,62,TEN,15,9,6,0,0.6,-0.0072,0.0029,-0.0101,TEN,True,True
00-0032268,Marcus Mariota,2015,4,2018,120,432,15.517,373,8,10,21,42,TEN,13,7,6,0,0.5385,0.0359,0.0506,-0.0147,TEN,True,True
00-0032268,Marcus Mariota,2015,5,2019,65,206,-2.769,183,2,2,12,16,TEN,6,2,4,0,0.3333,-0.0134,0.0352,-0.0486,TEN,True,False
00-0032268,Marcus Mariota,2015,6,2020,7,36,19.627,27,1,1,3,4,LV,0,0,0,0,,0.5452,0.0747,0.4705,TEN,False,False
00-0032268,Marcus Mariota,2015,7,2021,13,15,6.523,2,0,0,4,10,LV,0,0,0,0,,0.4349,0.0381,0.3968,TEN,False,False
00-0032268,Marcus Mariota,2015,8,2022,117,400,5.741,324,9,12,25,46,ATL,13,5,8,0,0.3846,0.0144,0.0156,-0.0013,TEN,False,True
00-0032268,Marcus Mariota,2015,9,2023,8,34,0.565,26,1,2,2,3,PHI,0,0,0,0,,0.0166,-0.0061,0.0227,TEN,False,False
00-0032268,Marcus Mariota,2015,10,2024,12,62,23.757,46,0,0,5,8,WAS,0,0,0,0,,0.3832,0.0474,0.3358,TEN,False,False
00-0032268,Marcus Mariota,2015,11,2025,75,285,5.655,241,7,10,17,32,WAS,7,2,5,0,0.2857,0.0198,0.0407,-0.0209,TEN,False,False
00-0031800,Taylor Heinicke,2015,3,2017,1,3,-1.691,2,0,0,0,0,HOU,0,0,0,0,,-0.5637,0.0029,-0.5666,HOU,True,False
00-0031800,Taylor Heinicke,2015,4,2018,16,61,-18.826,58,3,3,1,3,CAR,1,0,1,0,0.0,-0.3086,0.0506,-0.3592,HOU,False,False
00-0031800,Taylor Heinicke,2015,6,2020,2,23,5.58,20,0,0,1,1,WAS,0,0,0,0,,0.2426,0.0747,0.1679,HOU,False,False
00-0031800,Taylor Heinicke,2015,7,2021,149,580,-32.213,529,15,17,30,54,WAS,15,7,8,0,0.4667,-0.0555,0.0381,-0.0936,HOU,False,True
00-0031800,Taylor Heinicke,2015,8,2022,92,299,-16.176,276,6,11,16,34,WAS,9,5,3,1,0.6111,-0.0541,0.0156,-0.0697,HOU,False,True
00-0031800,Taylor Heinicke,2015,9,2023,45,156,8.668,142,4,4,10,21,ATL,4,1,3,0,0.25,0.0556,-0.0061,0.0617,HOU,False,False
00-0031800,Taylor Heinicke,2015,10,2024,6,10,-9.024,8,0,0,0,1,LAC,0,0,0,0,,-0.9024,0.0474,-0.9498,HOU,False,False
00-0032156,Trevor Siemian,2015,2,2016,150,534,-8.568,517,10,12,27,48,DEN,14,8,6,0,0.5714,-0.016,0.0511,-0.0671,DEN,True,True
00-0032156,Trevor Siemian,2015,3,2017,109,407,-53.37,382,14,16,17,31,DEN,10,5,5,0,0.5,-0.1311,0.0029,-0.1341,DEN,True,True
00-0032156,Trevor Siemian,2015,5,2019,3,8,-5.561,8,0,0,0,0,NYJ,1,0,1,0,0.0,-0.6951,0.0352,-0.7303,DEN,False,False
00-0032156,Trevor Siemian,2015,7,2021,58,202,-6.801,197,3,4,15,25,NO,4,0,4,0,0.0,-0.0337,0.0381,-0.0718,DEN,False,False
00-0032156,Trevor Siemian,2015,8,2022,10,31,-8.019,28,1,1,1,2,CHI,1,0,1,0,0.0,-0.2587,0.0156,-0.2743,DEN,False,False
00-0032156,Trevor Siemian,2015,9,2023,48,172,-61.902,161,4,7,4,12,NYJ,3,2,1,0,0.6667,-0.3599,-0.0061,-0.3538,DEN,False,False
00-0032950,Carson Wentz,2016,1,2016,160,673,10.45,638,14,17,28,62,PHI,16,7,9,0,0.4375,0.0155,0.0511,-0.0355,PHI,True,True
00-0032950,Carson Wentz,2016,2,2017,132,520,110.014,468,7,10,42,64,PHI,13,11,2,0,0.8462,0.2116,0.0029,0.2086,PHI,True,True
00-0032950,Carson Wentz,2016,3,2018,115,456,37.59,430,7,13,26,45,PHI,11,5,6,0,0.4545,0.0824,0.0506,0.0319,PHI,True,True
00-0032950,Carson Wentz,2016,4,2019,171,697,17.174,643,7,14,40,62,PHI,16,9,7,0,0.5625,0.0246,0.0352,-0.0105,PHI,True,True
00-0032950,Carson Wentz,2016,5,2020,131,536,-73.187,486,15,19,25,37,PHI,12,3,8,1,0.2917,-0.1365,0.0747,-0.2112,PHI,True,True
00-0032950,Carson Wentz,2016,6,2021,156,593,24.924,548,7,12,42,70,IND,17,9,8,0,0.5294,0.042,0.0381,0.0039,PHI,False,True
00-0032950,Carson Wentz,2016,7,2022,80,320,-31.216,302,9,10,14,19,WAS,7,2,5,0,0.2857,-0.0976,0.0156,-0.1132,PHI,False,False
00-0032950,Carson Wentz,2016,8,2023,8,42,9.34,26,1,1,3,3,LA,1,1,0,0,1.0,0.2224,-0.0061,0.2285,PHI,False,False
00-0032950,Carson Wentz,2016,9,2024,7,24,-7.005,23,0,0,0,0,KC,1,0,1,0,0.0,-0.2919,0.0474,-0.3392,PHI,False,False
00-0032950,Carson Wentz,2016,10,2025,47,198,2.078,187,5,5,11,21,MIN,5,2,3,0,0.4,0.0105,0.0407,-0.0302,PHI,False,False
00-0033077,Dak Prescott,2016,1,2016,149,526,132.916,482,4,8,46,72,DAL,15,13,2,0,0.8667,0.2527,0.0511,0.2016,DAL,True,True
00-0033077,Dak Prescott,2016,2,2017,153,571,-0.96,520,13,16,35,57,DAL,16,9,7,0,0.5625,-0.0017,0.0029,-0.0046,DAL,True,True
00-0033077,Dak Prescott,2016,3,2018,154,642,33.021,582,8,14,33,62,DAL,16,10,6,0,0.625,0.0514,0.0506,0.0009,DAL,True,True
00-0033077,Dak Prescott,2016,4,2019,164,660,132.559,618,11,13,45,75,DAL,16,8,8,0,0.5,0.2008,0.0352,0.1657,DAL,True,True
00-0033077,Dak Prescott,2016,5,2020,52,248,34.733,231,4,7,19,25,DAL,5,2,3,0,0.4,0.1401,0.0747,0.0654,DAL,True,False
00-0033077,Dak Prescott,2016,6,2021,165,661,94.847,626,10,16,50,76,DAL,16,11,5,0,0.6875,0.1435,0.0381,0.1054,DAL,True,True
00-0033077,Dak Prescott,2016,7,2022,123,450,44.883,414,15,16,40,56,DAL,12,8,4,0,0.6667,0.0997,0.0156,0.0841,DAL,True,True
00-0033077,Dak Prescott,2016,8,2023,149,672,131.639,629,9,11,49,84,DAL,17,12,5,0,0.7059,0.1959,-0.0061,0.202,DAL,True,True
00-0033077,Dak Prescott,2016,9,2024,77,316,-12.876,305,8,9,14,34,DAL,8,3,5,0,0.375,-0.0407,0.0474,-0.0881,DAL,True,True
00-0033077,Dak Prescott,2016,10,2025,156,665,104.099,628,10,12,46,82,DAL,17,7,9,1,0.4412,0.1565,0.0407,0.1158,DAL,True,True
00-0033119,Jacoby Brissett,2016,1,2016,26,74,-9.622,61,0,1,3,6,NE,2,1,1,0,0.5,-0.13,0.0511,-0.1811,NE,True,False
00-0033119,Jacoby Brissett,2016,2,2017,155,572,-53.918,518,7,10,23,51,IND,15,4,11,0,0.2667,-0.0943,0.0029,-0.0972,NE,False,True
00-0033119,Jacoby Brissett,2016,3,2018,3,4,-0.678,4,0,0,1,1,IND,0,0,0,0,,-0.1695,0.0506,-0.2201,NE,False,False
00-0033119,Jacoby Brissett,2016,4,2019,136,518,13.847,471,6,11,34,53,IND,15,7,8,0,0.4667,0.0267,0.0352,-0.0084,NE,False,True
00-0033119,Jacoby Brissett,2016,5,2020,16,21,0.897,10,0,0,7,10,IND,0,0,0,0,,0.0427,0.0747,-0.032,NE,False,False
00-0033119,Jacoby Brissett,2016,6,2021,62,261,-24.409,243,4,7,9,18,MIA,5,2,3,0,0.4,-0.0935,0.0381,-0.1316,NE,False,False
00-0033119,Jacoby Brissett,2016,7,2022,114,434,38.39,390,6,10,31,48,CLE,11,4,7,0,0.3636,0.0885,0.0156,0.0728,NE,False,True
00-0033119,Jacoby Brissett,2016,8,2023,6,26,17.672,23,0,0,5,5,WAS,0,0,0,0,,0.6797,-0.0061,0.6858,NE,False,False
00-0033119,Jacoby Brissett,2016,9,2024,58,190,-33.86,178,1,2,7,17,NE,5,1,4,0,0.2,-0.1782,0.0474,-0.2256,NE,True,False
00-0033119,Jacoby Brissett,2016,10,2025,120,563,1.963,527,8,12,28,45,ARI,12,1,11,0,0.0833,0.0035,0.0407,-0.0372,NE,False,True
00-0033106,Jared Goff,2016,1,2016,80,235,-95.342,230,7,9,9,14,LA,7,0,7,0,0.0,-0.4057,0.0511,-0.4568,LA,True,False
00-0033106,Jared Goff,2016,2,2017,151,514,74.603,500,7,10,40,77,LA,15,11,4,0,0.7333,0.1451,0.0029,0.1422,LA,True,True
00-0033106,Jared Goff,2016,3,2018,159,619,110.135,592,12,17,51,84,LA,16,13,3,0,0.8125,0.1779,0.0506,0.1274,LA,True,True
00-0033106,Jared Goff,2016,4,2019,165,668,56.79,647,16,21,40,64,LA,16,9,7,0,0.5625,0.085,0.0352,0.0499,LA,True,True
00-0033106,Jared Goff,2016,5,2020,152,607,17.154,573,13,17,37,58,LA,15,9,6,0,0.6,0.0283,0.0747,-0.0464,LA,True,True
00-0033106,Jared Goff,2016,6,2021,140,541,-50.486,524,8,14,29,49,DET,14,3,10,1,0.25,-0.0933,0.0381,-0.1314,LA,False,True
00-0033106,Jared Goff,2016,7,2022,163,628,90.577,609,7,11,51,74,DET,17,9,8,0,0.5294,0.1442,0.0156,0.1286,LA,False,True
00-0033106,Jared Goff,2016,8,2023,173,644,66.246,631,12,16,53,72,DET,17,12,5,0,0.7059,0.1029,-0.0061,0.109,LA,False,True
00-0033106,Jared Goff,2016,9,2024,165,587,164.736,567,12,12,65,90,DET,17,15,2,0,0.8824,0.2806,0.0474,0.2333,LA,False,True
00-0033106,Jared Goff,2016,10,2025,173,625,98.58,614,8,13,54,80,DET,17,9,8,0,0.5294,0.1577,0.0407,0.117,LA,False,True
00-0033899,DeShone Kizer,2017,1,2017,148,588,-116.3,513,22,28,21,32,CLE,15,0,15,0,0.0,-0.1978,0.0029,-0.2007,CLE,True,True
00-0033899,DeShone Kizer,2017,2,2018,9,49,-18.475,45,2,3,0,0,GB,1,0,1,0,0.0,-0.377,0.0506,-0.4276,CLE,False,False
00-0033537,Deshaun Watson,2017,1,2017,74,256,44.145,221,8,9,23,33,HOU,6,3,3,0,0.5,0.1724,0.0029,0.1695,HOU,True,False
00-0033537,Deshaun Watson,2017,2,2018,173,651,67.849,561,9,12,37,73,HOU,16,11,5,0,0.6875,0.1042,0.0506,0.0536,HOU,True,True
00-0033537,Deshaun Watson,2017,3,2019,147,608,93.727,537,12,15,42,62,HOU,15,10,5,0,0.6667,0.1542,0.0352,0.119,HOU,True,True
00-0033537,Deshaun Watson,2017,4,2020,154,671,134.178,591,7,10,43,70,HOU,16,4,12,0,0.25,0.2,0.0747,0.1253,HOU,True,True
00-0033537,Deshaun Watson,2017,6,2022,55,215,-17.244,188,5,5,8,14,CLE,6,3,3,0,0.5,-0.0802,0.0156,-0.0959,HOU,False,False
00-0033537,Deshaun Watson,2017,7,2023,61,212,-19.707,187,4,6,13,26,CLE,6,5,1,0,0.8333,-0.093,-0.0061,-0.0869,HOU,False,False
00-0033537,Deshaun Watson,2017,8,2024,71,279,-64.442,249,3,6,8,18,CLE,7,1,6,0,0.1429,-0.231,0.0474,-0.2783,HOU,False,False
00-0033949,Joshua Dobbs,2017,2,2018,6,14,-6.929,12,1,1,0,1,PIT,0,0,0,0,,-0.4949,0.0506,-0.5455,PIT,True,False
00-0033949,Joshua Dobbs,2017,4,2020,6,7,-1.962,5,0,0,2,5,PIT,0,0,0,0,,-0.2803,0.0747,-0.355,PIT,True,False
00-0033949,Joshua Dobbs,2017,6,2022,21,82,-7.188,74,2,4,2,7,TEN,2,0,2,0,0.0,-0.0877,0.0156,-0.1033,PIT,False,False
00-0033949,Joshua Dobbs,2017,7,2023,132,519,-65.36,447,10,17,24,45,ARI,12,3,9,0,0.25,-0.1259,-0.0061,-0.1198,PIT,False,True
00-0033949,Joshua Dobbs,2017,8,2024,12,56,3.291,48,2,3,4,5,SF,1,0,1,0,0.0,0.0588,0.0474,0.0114,PIT,False,False
00-0033949,Joshua Dobbs,2017,9,2025,8,11,-1.077,10,0,0,1,1,NE,0,0,0,0,,-0.0979,0.0407,-0.1386,PIT,False,False
00-0033869,Mitchell Trubisky,2017,1,2017,122,396,-48.583,360,7,10,17,31,CHI,12,4,8,0,0.3333,-0.1227,0.0029,-0.1256,CHI,True,True
00-0033869,Mitchell Trubisky,2017,2,2018,139,514,76.423,457,12,15,39,58,CHI,14,11,3,0,0.7857,0.1487,0.0506,0.0981,CHI,True,True
00-0033869,Mitchell Trubisky,2017,3,2019,148,593,-35.962,551,10,12,24,44,CHI,15,8,7,0,0.5333,-0.0606,0.0352,-0.0958,CHI,True,True
00-0033869,Mitchell Trubisky,2017,4,2020,84,348,32.44,315,8,10,25,42,CHI,9,6,3,0,0.6667,0.0932,0.0747,0.0185,CHI,True,True
00-0033869,Mitchell Trubisky,2017,5,2021,4,11,2.698,8,1,1,1,1,BUF,0,0,0,0,,0.2453,0.0381,0.2072,CHI,False,False
00-0033869,Mitchell Trubisky,2017,6,2022,58,205,2.145,190,5,5,10,19,PIT,4,1,3,0,0.25,0.0105,0.0156,-0.0052,CHI,False,False
00-0033869,Mitchell Trubisky,2017,7,2023,35,127,-19.941,113,5,6,6,7,PIT,2,0,2,0,0.0,-0.157,-0.0061,-0.1509,CHI,False,False
00-0033869,Mitchell Trubisky,2017,8,2024,11,31,4.652,26,0,0,3,5,BUF,1,0,1,0,0.0,0.1501,0.0474,0.1027,CHI,False,False
00-0033869,Mitchell Trubisky,2017,9,2025,13,37,25.612,35,0,0,5,6,BUF,1,1,0,0,1.0,0.6922,0.0407,0.6515,CHI,False,False
00-0033873,Patrick Mahomes,2017,1,2017,9,43,5.336,37,1,1,2,4,KC,1,1,0,0,1.0,0.1241,0.0029,0.1211,KC,True,False
00-0033873,Patrick Mahomes,2017,2,2018,153,653,233.623,605,12,14,65,89,KC,16,12,4,0,0.75,0.3578,0.0506,0.3072,KC,True,True
00-0033873,Patrick Mahomes,2017,3,2019,121,532,145.45,501,5,7,38,65,KC,14,11,3,0,0.7857,0.2734,0.0352,0.2382,KC,True,True
00-0033873,Patrick Mahomes,2017,4,2020,145,657,190.841,609,6,8,49,73,KC,15,14,1,0,0.9333,0.2905,0.0747,0.2158,KC,True,True
00-0033873,Patrick Mahomes,2017,5,2021,154,737,151.429,686,13,17,52,79,KC,17,12,5,0,0.7059,0.2055,0.0381,0.1674,KC,True,True
00-0033873,Patrick Mahomes,2017,6,2022,165,726,208.454,674,12,12,58,80,KC,17,14,3,0,0.8235,0.2871,0.0156,0.2715,KC,True,True
00-0033873,Patrick Mahomes,2017,7,2023,157,676,62.403,622,14,17,37,68,KC,16,10,6,0,0.625,0.0923,-0.0061,0.0984,KC,True,True
00-0033873,Patrick Mahomes,2017,8,2024,152,653,103.313,615,11,11,41,73,KC,16,15,1,0,0.9375,0.1582,0.0474,0.1108,KC,True,True
00-0033873,Patrick Mahomes,2017,9,2025,127,590,99.215,534,11,11,37,61,KC,14,6,8,0,0.4286,0.1682,0.0407,0.1275,KC,True,True
00-0034855,Baker Mayfield,2018,1,2018,150,534,24.0,508,14,17,37,54,CLE,13,6,7,0,0.4615,0.0449,0.0506,-0.0056,CLE,True,True
00-0034855,Baker Mayfield,2018,2,2019,167,597,-9.569,572,21,23,34,59,CLE,16,6,10,0,0.375,-0.016,0.0352,-0.0512,CLE,True,True
00-0034855,Baker Mayfield,2018,3,2020,150,547,83.63,507,8,12,46,65,CLE,16,11,5,0,0.6875,0.1529,0.0747,0.0782,CLE,True,True
00-0034855,Baker Mayfield,2018,4,2021,137,488,-7.126,459,13,16,34,48,CLE,14,6,8,0,0.4286,-0.0146,0.0381,-0.0527,CLE,True,True
00-0034855,Baker Mayfield,2018,5,2022,111,396,-63.164,370,8,10,20,41,CAR,10,3,7,0,0.3,-0.1595,0.0156,-0.1752,CLE,False,True
00-0034855,Baker Mayfield,2018,6,2023,170,647,47.328,606,10,13,36,64,TB,17,9,8,0,0.5294,0.0731,-0.0061,0.0792,CLE,False,True
00-0034855,Baker Mayfield,2018,7,2024,168,662,121.032,609,16,18,56,86,TB,17,10,7,0,0.5882,0.1828,0.0474,0.1355,CLE,False,True
00-0034855,Baker Mayfield,2018,8,2025,163,625,39.603,578,11,14,37,67,TB,17,8,9,0,0.4706,0.0634,0.0407,0.0227,CLE,False,True
00-0034857,Josh Allen,2018,1,2018,126,430,-5.199,347,12,14,22,38,BUF,11,5,6,0,0.4545,-0.0121,0.0506,-0.0627,BUF,True,True
00-0034857,Josh Allen,2018,2,2019,154,592,14.872,496,9,13,34,54,BUF,15,10,5,0,0.6667,0.0251,0.0352,-0.01,BUF,True,True
00-0034857,Josh Allen,2018,3,2020,144,678,177.513,598,10,16,52,80,BUF,16,13,3,0,0.8125,0.2618,0.0747,0.1871,BUF,True,True
00-0034857,Josh Allen,2018,4,2021,170,782,133.232,672,15,18,55,83,BUF,17,11,6,0,0.6471,0.1704,0.0381,0.1323,BUF,True,True
00-0034857,Josh Allen,2018,5,2022,157,706,144.822,599,14,19,50,77,BUF,16,13,3,0,0.8125,0.2051,0.0156,0.1895,BUF,True,True
00-0034857,Josh Allen,2018,6,2023,164,703,128.864,601,18,22,50,73,BUF,17,11,6,0,0.6471,0.1833,-0.0061,0.1894,BUF,True,True
00-0034857,Josh Allen,2018,7,2024,142,590,187.656,496,6,8,56,78,BUF,16,13,3,0,0.8125,0.3181,0.0474,0.2707,BUF,True,True
00-0034857,Josh Allen,2018,8,2025,149,593,113.948,499,10,13,54,73,BUF,16,11,5,0,0.6875,0.1922,0.0407,0.1515,BUF,True,True
00-0034343,Josh Rosen,2018,1,2018,143,453,-149.773,437,14,19,19,31,ARI,13,3,10,0,0.2308,-0.3306,0.0506,-0.3812,ARI,True,True
00-0034343,Josh Rosen,2018,2,2019,32,128,-50.508,125,5,5,1,5,MIA,3,0,3,0,0.0,-0.3946,0.0352,-0.4297,ARI,False,False
00-0034343,Josh Rosen,2018,4,2021,5,11,-18.704,11,2,2,0,0,ATL,0,0,0,0,,-1.7004,0.0381,-1.7385,ARI,False,False
00-0034577,Kyle Allen,2018,1,2018,10,36,14.738,31,0,0,4,7,CAR,1,1,0,0,1.0,0.4094,0.0506,0.3588,CAR,True,False
00-0034577,Kyle Allen,2018,2,2019,140,561,-28.182,534,16,23,31,47,CAR,12,5,7,0,0.4167,-0.0502,0.0352,-0.0854,CAR,True,True
00-0034577,Kyle Allen,2018,3,2020,24,99,5.167,94,1,2,6,10,WAS,4,1,3,0,0.25,0.0522,0.0747,-0.0225,CAR,False,False
00-0034577,Kyle Allen,2018,4,2021,6,23,1.103,21,0,1,2,2,WAS,0,0,0,0,,0.048,0.0381,0.0099,CAR,False,False
00-0034577,Kyle Allen,2018,5,2022,27,89,-45.472,83,4,5,3,6,HOU,2,0,2,0,0.0,-0.5109,0.0156,-0.5266,CAR,False,False
00-0034577,Kyle Allen,2018,7,2024,1,1,1.433,1,0,0,1,1,PIT,0,0,0,0,,1.433,0.0474,1.3856,CAR,False,False
00-0034577,Kyle Allen,2018,8,2025,1,2,-1.355,2,0,0,0,1,DET,0,0,0,0,,-0.6775,0.0407,-0.7182,CAR,False,False
00-0034796,Lamar Jackson,2018,1,2018,94,319,5.159,186,3,7,25,49,BAL,7,6,1,0,0.8571,0.0162,0.0506,-0.0344,BAL,True,False
00-0034796,Lamar Jackson,2018,2,2019,135,579,204.109,422,6,8,55,78,BAL,15,13,2,0,0.8667,0.3525,0.0352,0.3174,BAL,True,True
00-0034796,Lamar Jackson,2018,3,2020,138,554,103.315,402,9,13,47,72,BAL,15,11,4,0,0.7333,0.1865,0.0747,0.1118,BAL,True,True
00-0034796,Lamar Jackson,2018,4,2021,124,543,31.329,416,13,16,29,51,BAL,12,7,5,0,0.5833,0.0577,0.0381,0.0196,BAL,True,True
00-0034796,Lamar Jackson,2018,5,2022,110,451,47.358,351,7,9,27,51,BAL,12,8,4,0,0.6667,0.105,0.0156,0.0894,BAL,True,True
00-0034796,Lamar Jackson,2018,6,2023,167,632,62.022,493,7,13,50,80,BAL,16,13,3,0,0.8125,0.0981,-0.0061,0.1042,BAL,True,True
00-0034796,Lamar Jackson,2018,7,2024,161,619,186.753,492,4,9,61,82,BAL,17,12,5,0,0.7059,0.3017,0.0474,0.2543,BAL,True,True
00-0034796,Lamar Jackson,2018,8,2025,123,394,30.468,336,7,10,34,56,BAL,13,6,7,0,0.4615,0.0773,0.0407,0.0366,BAL,True,True
00-0034771,Mason Rudolph,2018,2,2019,93,312,-39.568,298,9,9,16,32,PIT,8,5,3,0,0.625,-0.1268,0.0352,-0.162,PIT,True,True
00-0034771,Mason Rudolph,2018,3,2020,11,45,8.954,44,1,1,2,6,PIT,1,0,1,0,0.0,0.199,0.0747,0.1243,PIT,True,False
00-0034771,Mason Rudolph,2018,4,2021,14,61,-11.875,57,1,1,1,4,PIT,1,0,0,1,0.5,-0.1947,0.0381,-0.2328,PIT,True,False
00-0034771,Mason Rudolph,2018,6,2023,33,88,13.507,80,0,1,9,15,PIT,3,3,0,0,1.0,0.1535,-0.0061,0.1596,PIT,True,False
00-0034771,Mason Rudolph,2018,7,2024,70,260,-1.961,236,9,10,13,24,TEN,6,1,5,0,0.1667,-0.0075,0.0474,-0.0549,PIT,False,False
00-0034771,Mason Rudolph,2018,8,2025,15,57,3.846,54,2,3,4,5,PIT,1,0,1,0,0.0,0.0675,0.0407,0.0268,PIT,True,False
00-0034869,Sam Darnold,2018,1,2018,144,475,-27.272,443,15,17,24,47,NYJ,13,4,9,0,0.3077,-0.0574,0.0506,-0.108,NYJ,True,True
00-0034869,Sam Darnold,2018,2,2019,135,492,-20.102,472,13,16,23,41,NYJ,13,7,6,0,0.5385,-0.0409,0.0352,-0.076,NYJ,True,True
00-0034869,Sam Darnold,2018,3,2020,127,426,-72.076,396,11,13,17,35,NYJ,12,2,10,0,0.1667,-0.1692,0.0747,-0.2439,NYJ,True,True
00-0034869,Sam Darnold,2018,4,2021,124,481,-75.398,441,13,17,19,39,CAR,12,4,8,0,0.3333,-0.1568,0.0381,-0.1949,NYJ,False,True
00-0034869,Sam Darnold,2018,5,2022,57,170,23.601,147,3,5,13,26,CAR,6,4,2,0,0.6667,0.1388,0.0156,0.1232,NYJ,False,False
00-0034869,Sam Darnold,2018,6,2023,15,59,0.748,51,1,2,5,6,SF,1,0,1,0,0.0,0.0127,-0.0061,0.0188,NYJ,False,False
00-0034869,Sam Darnold,2018,7,2024,175,637,42.059,592,12,16,44,79,MIN,17,14,3,0,0.8235,0.066,0.0474,0.0187,NYJ,False,True
00-0034869,Sam Darnold,2018,8,2025,167,522,60.728,500,14,20,43,83,SEA,17,14,3,0,0.8235,0.1163,0.0407,0.0756,NYJ,False,True
00-0035710,Daniel Jones,2019,1,2019,132,538,-28.094,497,12,23,28,38,NYG,12,3,9,0,0.25,-0.0522,0.0352,-0.0874,NYG,True,True
00-0035710,Daniel Jones,2019,2,2020,133,542,-26.541,491,10,16,23,49,NYG,14,5,9,0,0.3571,-0.049,0.0747,-0.1237,NYG,True,True
00-0035710,Daniel Jones,2019,3,2021,104,435,-9.678,382,7,10,16,37,NYG,11,4,7,0,0.3636,-0.0222,0.0381,-0.0604,NYG,True,True
00-0035710,Daniel Jones,2019,4,2022,152,618,50.882,511,5,8,33,59,NYG,16,9,6,1,0.5938,0.0823,0.0156,0.0667,NYG,True,True
00-0035710,Daniel Jones,2019,5,2023,52,230,-59.079,190,6,7,5,12,NYG,6,1,5,0,0.1667,-0.2569,-0.0061,-0.2508,NYG,True,False
00-0035710,Daniel Jones,2019,6,2024,95,425,-14.987,366,7,9,15,32,NYG,10,2,8,0,0.2,-0.0353,0.0474,-0.0826,NYG,True,True
00-0035710,Daniel Jones,2019,7,2025,111,442,78.286,404,8,11,39,62,IND,13,8,5,0,0.6154,0.1771,0.0407,0.1364,NYG,False,True
00-0035704,Drew Lock,2019,1,2019,45,175,9.916,161,3,4,10,18,DEN,5,4,1,0,0.8,0.0567,0.0352,0.0215,DEN,True,False
00-0035704,Drew Lock,2019,2,2020,137,497,-42.749,460,15,18,27,48,DEN,13,4,9,0,0.3077,-0.086,0.0747,-0.1607,DEN,True,True
00-0035704,Drew Lock,2019,3,2021,37,129,-9.066,119,2,3,6,11,DEN,3,0,3,0,0.0,-0.0703,0.0381,-0.1084,DEN,True,False
00-0035704,Drew Lock,2019,5,2023,26,86,-0.862,82,3,3,5,8,SEA,2,1,1,0,0.5,-0.01,-0.0061,-0.0039,DEN,False,False
00-0035704,Drew Lock,2019,6,2024,57,206,-27.574,192,5,7,10,15,NYG,2,0,2,0,0.0,-0.1339,0.0474,-0.1812,DEN,False,False
00-0035704,Drew Lock,2019,7,2025,4,5,-1.86,3,0,0,0,0,SEA,0,0,0,0,,-0.372,0.0407,-0.4127,DEN,False,False
00-0035289,Gardner Minshew,2019,1,2019,139,557,-12.933,502,6,13,22,52,JAX,12,6,6,0,0.5,-0.0232,0.0352,-0.0584,JAX,True,True
00-0035289,Gardner Minshew,2019,2,2020,81,380,27.381,353,5,9,21,29,JAX,8,1,7,0,0.125,0.0721,0.0747,-0.0026,JAX,True,True
00-0035289,Gardner Minshew,2019,3,2021,18,73,15.748,65,1,1,6,13,PHI,2,1,1,0,0.5,0.2157,0.0381,0.1776,JAX,False,False
00-0035289,Gardner Minshew,2019,4,2022,25,86,-0.335,81,3,4,4,7,PHI,2,0,2,0,0.0,-0.0039,0.0156,-0.0195,JAX,False,False
00-0035289,Gardner Minshew,2019,5,2023,149,547,-1.084,524,9,14,29,58,IND,13,7,6,0,0.5385,-0.002,-0.0061,0.0041,JAX,False,True
00-0035289,Gardner Minshew,2019,6,2024,93,347,-54.293,332,10,14,14,36,LV,8,2,6,0,0.25,-0.1565,0.0474,-0.2038,JAX,False,True
00-0035289,Gardner Minshew,2019,7,2025,4,14,-6.914,13,1,1,0,0,KC,1,0,1,0,0.0,-0.4939,0.0407,-0.5346,JAX,False,False
00-0035228,Kyler Murray,2019,1,2019,162,670,-5.736,586,12,14,35,66,ARI,16,5,10,1,0.3438,-0.0086,0.0352,-0.0437,ARI,True,True
00-0035228,Kyler Murray,2019,2,2020,163,701,67.099,577,12,16,46,69,ARI,15,8,7,0,0.5333,0.0957,0.0747,0.021,ARI,True,True
00-0035228,Kyler Murray,2019,3,2021,137,593,71.215,512,10,10,41,68,ARI,14,9,5,0,0.6429,0.1201,0.0381,0.082,ARI,True,True
00-0035228,Kyler Murray,2019,4,2022,101,474,-1.847,412,7,9,22,35,ARI,11,3,8,0,0.2727,-0.0039,0.0156,-0.0195,ARI,True,True
00-0035228,Kyler Murray,2019,5,2023,79,325,-1.26,285,5,5,20,34,ARI,8,3,5,0,0.375,-0.0039,-0.0061,0.0022,ARI,True,True
00-0035228,Kyler Murray,2019,6,2024,158,641,64.518,570,11,15,40,74,ARI,17,8,9,0,0.4706,0.1007,0.0474,0.0533,ARI,True,True
00-0035228,Kyler Murray,2019,7,2025,49,205,9.811,177,3,4,10,18,ARI,5,2,3,0,0.4,0.0479,0.0407,0.0072,ARI,True,False
00-0036389,Jalen Hurts,2020,1,2020,61,220,1.568,160,4,6,16,19,PHI,4,1,3,0,0.25,0.0071,0.0747,-0.0676,PHI,True,False
00-0036389,Jalen Hurts,2020,2,2021,142,584,56.113,456,9,11,39,60,PHI,15,8,7,0,0.5333,0.0961,0.0381,0.058,PHI,True,True
00-0036389,Jalen Hurts,2020,3,2022,146,643,103.768,498,6,8,52,71,PHI,15,14,1,0,0.9333,0.1614,0.0156,0.1457,PHI,True,True
00-0036389,Jalen Hurts,2020,4,2023,160,721,71.297,574,15,20,44,73,PHI,17,11,6,0,0.6471,0.0989,-0.0061,0.105,PHI,True,True
00-0036389,Jalen Hurts,2020,5,2024,127,527,94.604,398,5,10,43,61,PHI,15,12,3,0,0.8,0.1795,0.0474,0.1322,PHI,True,True
00-0036389,Jalen Hurts,2020,6,2025,156,578,51.445,484,6,9,40,59,PHI,16,11,5,0,0.6875,0.089,0.0407,0.0483,PHI,True,True
00-0036442,Joe Burrow,2020,1,2020,102,466,34.904,433,5,9,22,42,CIN,10,2,7,1,0.25,0.0749,0.0747,0.0002,CIN,True,True
00-0036442,Joe Burrow,2020,2,2021,159,602,101.149,569,14,16,47,74,CIN,16,10,6,0,0.625,0.168,0.0381,0.1299,CIN,True,True
00-0036442,Joe Burrow,2020,3,2022,158,699,103.141,646,12,15,49,72,CIN,16,12,4,0,0.75,0.1476,0.0156,0.1319,CIN,True,True
00-0036442,Joe Burrow,2020,4,2023,94,407,1.698,388,6,7,19,34,CIN,10,5,5,0,0.5,0.0042,-0.0061,0.0103,CIN,True,True
00-0036442,Joe Burrow,2020,5,2024,167,730,122.204,699,9,14,54,78,CIN,17,9,8,0,0.5294,0.1674,0.0474,0.12,CIN,True,True
00-0036442,Joe Burrow,2020,6,2025,67,289,33.02,276,5,5,24,32,CIN,8,5,3,0,0.625,0.1143,0.0407,0.0736,CIN,True,True
00-0036264,Jordan Love,2020,2,2021,18,71,-8.239,65,3,4,3,4,GB,1,0,1,0,0.0,-0.116,0.0381,-0.1541,GB,True,False
00-0036264,Jordan Love,2020,3,2022,5,20,3.52,20,0,0,1,2,GB,0,0,0,0,,0.176,0.0156,0.1604,GB,True,False
00-0036264,Jordan Love,2020,4,2023,162,645,84.255,607,11,14,42,69,GB,17,9,8,0,0.5294,0.1306,-0.0061,0.1367,GB,True,True
00-0036264,Jordan Love,2020,5,2024,138,457,60.227,439,11,11,42,65,GB,15,9,6,0,0.6,0.1318,0.0474,0.0844,GB,True,True
00-0036264,Jordan Love,2020,6,2025,127,493,128.816,459,6,8,39,62,GB,15,9,5,1,0.6333,0.2613,0.0407,0.2206,GB,True,True
00-0036355,Justin Herbert,2020,1,2020,156,668,89.372,623,10,11,42,62,LAC,15,6,9,0,0.4,0.1338,0.0747,0.0591,LAC,True,True
00-0036355,Justin Herbert,2020,2,2021,165,752,131.574,702,15,16,55,78,LAC,17,9,8,0,0.5294,0.175,0.0381,0.1369,LAC,True,True
00-0036355,Justin Herbert,2020,3,2022,174,772,24.714,735,10,13,40,71,LAC,17,10,7,0,0.5882,0.032,0.0156,0.0164,LAC,True,True
00-0036355,Justin Herbert,2020,4,2023,125,527,20.273,485,7,8,29,48,LAC,13,5,8,0,0.3846,0.0385,-0.0061,0.0446,LAC,True,True
00-0036355,Justin Herbert,2020,5,2024,163,590,78.426,542,3,5,39,76,LAC,17,11,6,0,0.6471,0.1329,0.0474,0.0856,LAC,True,True
00-0036355,Justin Herbert,2020,6,2025,155,639,32.079,566,13,15,36,71,LAC,16,11,5,0,0.6875,0.0502,0.0407,0.0095,LAC,True,True
00-0036212,Tua Tagovailoa,2020,1,2020,89,335,-15.239,307,5,6,18,33,MIA,9,6,3,0,0.6667,-0.0455,0.0747,-0.1202,MIA,True,True
00-0036212,Tua Tagovailoa,2020,2,2021,117,437,18.158,407,10,11,25,41,MIA,12,7,5,0,0.5833,0.0416,0.0381,0.0034,MIA,True,True
00-0036212,Tua Tagovailoa,2020,3,2022,113,435,91.042,420,8,9,33,53,MIA,13,8,5,0,0.6154,0.2093,0.0156,0.1936,MIA,True,True
00-0036212,Tua Tagovailoa,2020,4,2023,162,612,79.84,587,14,19,47,71,MIA,17,11,6,0,0.6471,0.1305,-0.0061,0.1366,MIA,True,True
00-0036212,Tua Tagovailoa,2020,5,2024,101,429,87.313,418,7,9,26,52,MIA,10,6,4,0,0.6,0.2035,0.0474,0.1562,MIA,True,True
00-0036212,Tua Tagovailoa,2020,6,2025,125,428,1.332,412,15,16,28,49,MIA,14,6,8,0,0.4286,0.0031,0.0407,-0.0376,MIA,True,True
00-0036898,Davis Mills,2021,1,2021,120,439,-57.969,423,10,11,19,31,HOU,11,2,9,0,0.1818,-0.132,0.0381,-0.1702,HOU,True,True
00-0036898,Davis Mills,2021,2,2022,154,533,-72.117,509,15,18,21,47,HOU,15,3,11,1,0.2333,-0.1353,0.0156,-0.151,HOU,True,True
00-0036898,Davis Mills,2021,3,2023,11,43,-4.453,41,0,0,2,2,HOU,0,0,0,0,,-0.1036,-0.0061,-0.0975,HOU,True,False
00-0036898,Davis Mills,2021,4,2024,10,40,-7.85,38,0,0,0,1,HOU,1,1,0,0,1.0,-0.1962,0.0474,-0.2436,HOU,True,False
00-0036898,Davis Mills,2021,5,2025,49,177,-13.759,167,1,1,7,21,HOU,3,3,0,0,1.0,-0.0777,0.0407,-0.1184,HOU,True,False
00-0036945,Justin Fields,2021,1,2021,103,371,-56.43,304,10,15,16,32,CHI,10,2,8,0,0.2,-0.1521,0.0381,-0.1902,CHI,True,True
00-0036945,Justin Fields,2021,2,2022,149,524,-11.002,373,11,13,34,57,CHI,15,3,12,0,0.2,-0.021,0.0156,-0.0366,CHI,True,True
00-0036945,Justin Fields,2021,3,2023,132,531,-14.64,414,9,13,25,54,CHI,13,5,8,0,0.3846,-0.0276,-0.0061,-0.0215,CHI,True,True
00-0036945,Justin Fields,2021,4,2024,68,234,13.544,176,1,2,13,30,PIT,6,4,2,0,0.6667,0.0579,0.0474,0.0105,CHI,False,False
00-0036945,Justin Fields,2021,5,2025,84,296,-13.991,229,1,4,15,31,NYJ,7,1,6,0,0.1429,-0.0473,0.0407,-0.088,CHI,False,False
00-0036972,Mac Jones,2021,1,2021,152,584,34.447,548,13,16,41,76,NE,17,10,7,0,0.5882,0.059,0.0381,0.0209,NE,True,True
00-0036972,Mac Jones,2021,2,2022,142,505,-33.777,474,11,12,21,46,NE,14,6,8,0,0.4286,-0.0669,0.0156,-0.0825,NE,True,True
00-0036972,Mac Jones,2021,3,2023,106,389,-72.097,367,12,14,15,27,NE,11,2,9,0,0.1818,-0.1853,-0.0061,-0.1792,NE,True,True
00-0036972,Mac Jones,2021,4,2024,73,300,-1.544,276,8,10,12,26,JAX,7,2,5,0,0.2857,-0.0051,0.0474,-0.0525,NE,False,False
00-0036972,Mac Jones,2021,5,2025,76,324,45.78,302,6,8,19,36,SF,8,5,3,0,0.625,0.1413,0.0407,0.1006,NE,False,True
00-0036971,Trevor Lawrence,2021,1,2021,170,697,-56.702,631,17,22,25,45,JAX,17,3,14,0,0.1765,-0.0814,0.0381,-0.1195,JAX,True,True
00-0036971,Trevor Lawrence,2021,2,2022,160,664,80.377,609,8,17,39,67,JAX,17,9,8,0,0.5294,0.121,0.0156,0.1054,JAX,True,True
00-0036971,Trevor Lawrence,2021,3,2023,165,658,-15.516,599,14,22,35,60,JAX,16,8,8,0,0.5,-0.0236,-0.0061,-0.0175,JAX,True,True
00-0036971,Trevor Lawrence,2021,4,2024,90,324,2.919,301,7,8,18,31,JAX,10,2,8,0,0.2,0.009,0.0474,-0.0384,JAX,True,True
00-0036971,Trevor Lawrence,2021,5,2025,170,672,63.326,598,12,15,48,75,JAX,17,13,4,0,0.7647,0.0942,0.0407,0.0535,JAX,True,True
00-0037013,Zach Wilson,2021,1,2021,128,451,-88.239,426,11,12,21,37,NYJ,13,3,10,0,0.2308,-0.1957,0.0381,-0.2338,NYJ,True,True
00-0037013,Zach Wilson,2021,2,2022,92,285,-31.087,265,7,8,15,28,NYJ,9,5,4,0,0.5556,-0.1091,0.0156,-0.1247,NYJ,True,True
00-0037013,Zach Wilson,2021,3,2023,126,442,-121.484,411,7,14,10,35,NYJ,11,4,7,0,0.3636,-0.2749,-0.0061,-0.2688,NYJ,True,True
00-0037013,Zach Wilson,2021,5,2025,3,12,-6.859,11,0,0,0,0,MIA,0,0,0,0,,-0.5716,0.0407,-0.6123,NYJ,False,False
00-0037834,Brock Purdy,2022,1,2022,61,192,37.09,181,4,4,22,31,SF,5,5,0,0,1.0,0.1932,0.0156,0.1775,SF,True,False
00-0037834,Brock Purdy,2022,2,2023,145,497,156.904,469,11,13,54,74,SF,16,12,4,0,0.75,0.3157,-0.0061,0.3218,SF,True,True
00-0037834,Brock Purdy,2022,3,2024,144,542,105.147,481,12,15,35,66,SF,15,6,9,0,0.4,0.194,0.0474,0.1466,SF,True,True
00-0037834,Brock Purdy,2022,4,2025,85,324,76.479,295,10,12,28,44,SF,9,7,2,0,0.7778,0.236,0.0407,0.1954,SF,True,True
00-0038122,Desmond Ridder,2022,1,2022,36,139,-15.996,124,0,2,6,15,ATL,4,2,2,0,0.5,-0.1151,0.0156,-0.1307,ATL,True,False
00-0038122,Desmond Ridder,2022,2,2023,134,462,-47.888,417,12,19,21,39,ATL,13,6,7,0,0.4615,-0.1037,-0.0061,-0.0976,ATL,True,True
00-0038122,Desmond Ridder,2022,3,2024,22,103,-20.511,94,2,4,2,4,LV,0,0,0,0,,-0.1991,0.0474,-0.2465,ATL,False,False
00-0038102,Kenny Pickett,2022,1,2022,109,465,6.071,415,9,10,18,43,PIT,12,7,5,0,0.5833,0.0131,0.0156,-0.0026,PIT,True,True
00-0038102,Kenny Pickett,2022,2,2023,108,370,-39.904,346,4,4,13,34,PIT,12,7,5,0,0.5833,-0.1078,-0.0061,-0.1017,PIT,True,True
00-0038102,Kenny Pickett,2022,3,2024,20,53,5.166,46,1,1,3,9,PHI,0,0,0,0,,0.0975,0.0474,0.0501,PIT,False,False
00-0038102,Kenny Pickett,2022,4,2025,17,57,-31.81,52,2,3,1,2,LV,2,1,1,0,0.5,-0.5581,0.0407,-0.5988,PIT,False,False
00-0037077,Sam Howell,2022,1,2022,11,26,-1.936,22,1,1,2,3,WAS,1,1,0,0,1.0,-0.0745,0.0156,-0.0901,WAS,True,False
00-0037077,Sam Howell,2022,2,2023,175,721,-95.943,677,21,23,33,51,WAS,17,4,13,0,0.2353,-0.1331,-0.0061,-0.127,WAS,True,True
00-0037077,Sam Howell,2022,3,2024,7,19,-16.28,18,1,1,1,2,SEA,0,0,0,0,,-0.8568,0.0474,-0.9042,WAS,False,False
00-0038579,Aidan O'Connell,2023,1,2023,105,377,-21.402,366,7,9,22,38,LV,10,5,5,0,0.5,-0.0568,-0.0061,-0.0507,LV,True,True
00-0038579,Aidan O'Connell,2023,2,2024,65,266,0.179,252,4,6,13,23,LV,5,2,3,0,0.4,0.0007,0.0474,-0.0467,LV,True,False
00-0038579,Aidan O'Connell,2023,3,2025,9,24,-5.706,23,0,0,0,3,LV,0,0,0,0,,-0.2378,0.0407,-0.2784,LV,True,False
00-0039150,Bryce Young,2023,1,2023,165,623,-142.084,588,10,16,17,40,CAR,16,2,14,0,0.125,-0.2281,-0.0061,-0.222,CAR,True,True
00-0039150,Bryce Young,2023,2,2024,125,451,-12.418,413,9,11,28,42,CAR,8,3,5,0,0.375,-0.0275,0.0474,-0.0749,CAR,True,True
00-0039150,Bryce Young,2023,3,2025,139,542,-12.081,503,11,15,31,54,CAR,16,8,8,0,0.5,-0.0223,0.0407,-0.063,CAR,True,True
00-0039163,C.J. Stroud,2023,1,2023,157,566,62.272,531,5,9,34,62,HOU,15,9,6,0,0.6,0.11,-0.0061,0.1161,HOU,True,True
00-0039163,C.J. Stroud,2023,2,2024,170,623,-15.485,583,12,16,31,66,HOU,16,9,7,0,0.5625,-0.0249,0.0474,-0.0722,HOU,True,True
00-0039163,C.J. Stroud,2023,3,2025,131,481,62.615,443,8,8,26,59,HOU,14,9,5,0,0.6429,0.1302,0.0407,0.0895,HOU,True,True
00-0039152,Will Levis,2023,1,2023,88,296,-17.465,281,4,8,16,27,TEN,9,3,6,0,0.3333,-0.059,-0.0061,-0.0529,TEN,True,True
00-0039152,Will Levis,2023,2,2024,109,385,-80.592,342,12,18,19,32,TEN,6,1,5,0,0.1667,-0.2093,0.0474,-0.2567,TEN,True,False
00-0039732,Bo Nix,2024,1,2024,176,668,49.524,590,12,12,41,72,DEN,17,10,7,0,0.5882,0.0741,0.0474,0.0268,DEN,True,True
00-0039732,Bo Nix,2024,2,2025,173,699,72.565,633,11,13,42,70,DEN,17,14,3,0,0.8235,0.1038,0.0407,0.0631,DEN,True,True
00-0039918,Caleb Williams,2024,1,2024,172,701,-38.229,626,6,11,33,54,CHI,17,5,12,0,0.2941,-0.0545,0.0474,-0.1019,CHI,True,True
00-0039918,Caleb Williams,2024,2,2025,170,656,55.64,590,7,8,45,77,CHI,17,11,6,0,0.6471,0.0848,0.0407,0.0441,CHI,True,True
00-0039851,Drake Maye,2024,1,2024,104,423,-11.229,371,10,16,20,33,NE,11,2,9,0,0.1818,-0.0265,0.0474,-0.0739,NE,True,True
00-0039851,Drake Maye,2024,2,2025,151,621,182.403,539,8,11,50,77,NE,17,14,3,0,0.8235,0.2937,0.0407,0.253,NE,True,True
00-0039923,J.J. McCarthy,2024,2,2025,92,298,-41.307,270,12,14,19,37,MIN,10,6,4,0,0.6,-0.1386,0.0407,-0.1793,MIN,True,True
00-0039910,Jayden Daniels,2024,1,2024,153,662,121.776,525,9,9,48,79,WAS,12,10,2,0,0.8333,0.184,0.0474,0.1366,WAS,True,True
00-0039910,Jayden Daniels,2024,2,2025,56,257,-0.884,204,3,5,15,19,WAS,6,2,4,0,0.3333,-0.0034,0.0407,-0.0441,WAS,True,False
00-0039917,Michael Penix Jr.,2024,1,2024,28,114,15.14,109,3,3,10,14,ATL,3,1,2,0,0.3333,0.1328,0.0474,0.0854,ATL,True,False
00-0039917,Michael Penix Jr.,2024,2,2025,83,303,8.141,289,3,5,19,32,ATL,9,3,6,0,0.3333,0.0269,0.0407,-0.0138,ATL,True,True
00-0040676,Cam Ward,2025,1,2025,156,625,-101.244,592,7,14,23,48,TEN,17,3,14,0,0.1765,-0.162,0.0407,-0.2027,TEN,True,True
00-0040691,Jaxson Dart,2025,1,2025,114,452,33.49,373,5,7,33,47,NYG,12,4,8,0,0.3333,0.0741,0.0407,0.0334,NYG,True,True
00-0040743,Tyler Shough,2025,1,2025,93,393,-0.097,355,6,8,16,31,NO,9,5,4,0,0.5556,-0.0002,0.0407,-0.0409,NO,True,True
